"012","ISLE OF ANGLESEY UA","W00","Q99","COUNCIL OFFICES","","","LLANGEFNI","GWYNEDD","LL77 7TW","19960401","","","H","","","","","","","","0","","","","",""
"014","GWYNEDD UA","W00","Q99","SHIREHALL STREET","","","CAERNARFON","GWYNEDD","LL55 1SH","19960401","","","H","","","","","","","","0","","","","",""
"016","CONWY UA","W00","Q99","BODLONDEB","BANGOR ROAD","","CONWY","GWYNEDD","LL32 8DU","19960401","","","H","","","","","","","","0","","","","",""
"018","DENBIGHSHIRE UA","W00","Q99","COUNCIL OFFICES","WYNNSTAY ROAD","","RUTHIN","CLWYD","LL15 1YN","19960401","","","H","","","","","","","","0","","","","",""
"020","FLINTSHIRE UA","W00","Q99","COUNTY HALL","","","MOLD","CLWYD","CH7 6NB","19960401","","","H","","","","","","","","0","","","","",""
"022","WREXHAM UA","W00","Q99","THE GUILDHALL","","","WREXHAM","CLWYD","LL11 1AY","19960401","","","H","","","","","","","","0","","","","",""
"024","POWYS UA","W00","Q99","COUNTY HALL","","","LLANDRINDOD WELLS","POWYS","LD1 5LG","19960401","","","H","","","","","","","","0","","","","",""
"026","CEREDIGION UA","W00","Q99","PENMORFA","","","ABERAERON","DYFED","SA46 0PA","19960401","","","H","","","","","","","","0","","","","",""
"028","PEMBROKESHIRE UA","W00","Q99","COUNTY HALL","FREEMENS WAY","","HAVERFORDWEST","DYFED","SA61 1TP","19960401","","","H","","","","","","","","0","","","","",""
"030","CARMARTHENSHIRE UA","W00","Q99","COUNTY HALL","","","CARMARTHEN","DYFED","SA31 1JP","19960401","","","H","","","","","","","","0","","","","",""
"032","SWANSEA UA","W00","Q99","CIVIC CENTRE","OYSTERMOUTH ROAD","","SWANSEA","WEST GLAMORGAN","SA1 3SN","19960401","","","H","","","","","","","","0","","","","",""
"034","NEATH PORT TALBOT UA","W00","Q99","CIVIC CENTRE","","","PORT TALBOT","WEST GLAMORGAN","SA13 1PJ","19960401","","","H","","","","","","","","0","","","","",""
"036","BRIDGEND UA","W00","Q99","CIVIC OFFICES","ANGEL STREET","","BRIDGEND","MID GLAMORGAN","CF31 4WB","19960401","","","H","","","","","","","","0","","","","",""
"038","VALE OF GLAMORGAN UA","W00","Q99","CIVIC OFFICES","HOLTON ROAD","","BARRY","SOUTH GLAMORGAN","CF63 4RU","19960401","","","H","","","","","","","","0","","","","",""
"040","RHONDDA, CYNON, TAFF UA","W00","Q99","THE PAVILIONS","CAMBRIAN INDUSTRIAL PARK","CLYDACH VALE","TONYPANDY","MID GLAMORGAN","CF40 2XX","19960401","","","H","","","","","","","","0","","","","",""
"042","MERTHYR TYDFIL UA","W00","Q99","CIVIC CENTRE","","","MERTHYR TYDFIL","MID GLAMORGAN","CF47 8AN","19960401","","","H","","","","","","","","0","","","","",""
"044","CAERPHILLY UA","W00","Q99","PENALLTA HOUSE","TREDOMEN PARK","YSTRAD MYNACH","HENGOED","MID GLAMORGAN","CF82 7PG","19960401","","","H","","","","","","","","0","","","","",""
"045","BLAENAU GWENT UA","W00","Q99","MUNICIPAL OFFICES","CIVIC CENTRE","","EBBW VALE","GWENT","NP23 6XB","19960401","","","H","","","","","","","","0","","","","",""
"046","TORFAEN UA","W00","Q99","CIVIC CENTRE","","","PONTYPOOL","GWENT","NP4 6YB","19960401","","","H","","","","","","","","0","","","","",""
"048","MONMOUTHSHIRE UA","W00","Q99","CROESYCEILIOG","","","CWMBRAN","GWENT","NP44 2BH","19960401","","","H","","","","","","","","0","","","","",""
"050","NEWPORT UA","W00","Q99","CIVIC CENTRE","GODFREY ROAD","","NEWPORT","GWENT","NP20 4UR","19960401","","","H","","","","","","","","0","","","","",""
"052","CARDIFF UA","W00","Q99","COUNTY HALL","ATLANTIC WHARF","","CARDIFF","SOUTH GLAMORGAN","CF10 4UW","19960401","","","H","","","","","","","","0","","","","",""
"102","CUMBRIA COUNTY COUNCIL","Y54","Q49","THE COURTS","ENGLISH STREET","","CARLISLE","CUMBRIA","CA3 8NA","19800101","","","A","","","","","","","","0","","","","",""
"104","NORTHUMBERLAND COUNTY COUNCIL","Y54","Q49","COUNTY HALL","","","MORPETH","NORTHUMBERLAND","NE61 2EF","19800101","","","H","","","","","","","","0","","","","",""
"105","ADUR DISTRICT COUNCIL","Y57","Q68","ADUR CIVIC CENTRE","HAM ROAD","","SHOREHAM-BY-SEA","WEST SUSSEX","BN43 6PR","20040401","","","D","","","","","","","","0","","","","",""
"106","GATESHEAD METROPOLITAN BOROUGH COUNCIL","Y54","Q49","CIVIC CENTRE","REGENT STREET","","GATESHEAD","TYNE AND WEAR","NE8 1HH","19800101","","","E","","","","","","","","0","","","","",""
"107","NEWCASTLE-UPON-TYNE CITY COUNCIL","Y54","Q49","CIVIC CENTRE","","","NEWCASTLE UPON TYNE","TYNE AND WEAR","NE1 8QH","19800101","","","E","","","","","","","","0","","","","",""
"108","NORTH TYNESIDE COUNCIL","Y54","Q49","QUANDRANT","THE SILVERLINK NORTH","","NEWCASTLE UPON TYNE","TYNE AND WEAR","NE27 0BY","19800101","","","E","","","","","","","","0","","","","",""
"109","SOUTH TYNESIDE METROPOLITAN BOROUGH COUNCIL","Y54","Q49","TOWN HALL","WESTOE ROAD","","SOUTH SHIELDS","TYNE AND WEAR","NE33 2RL","19800101","","","E","","","","","","","","0","","","","",""
"110","SUNDERLAND CITY COUNCIL","Y54","Q49","CIVIC CENTRE","BURDON ROAD","","SUNDERLAND","TYNE AND WEAR","SR2 7DN","19800101","","","E","","","","","","","","0","","","","",""
"111","HARTLEPOOL BOROUGH COUNCIL","Y54","Q45","CIVIC CENTRE","VICTORIA ROAD","","HARTLEPOOL","CLEVELAND","TS24 8AY","19960401","","","H","","","","","","","","0","","","","",""
"112","MIDDLESBROUGH COUNCIL","Y54","Q45","PO BOX 500","","","MIDDLESBROUGH","CLEVELAND","TS1 9FT","19960401","","","H","","","","","","","","0","","","","",""
"113","REDCAR & CLEVELAND BOROUGH COUNCIL","Y54","Q45","REDCAR & CLEVELAND HOUSE","KIRKLEATHAM STREET","","REDCAR","CLEVELAND","TS10 1RT","19960401","","","H","","","","","","","","0","","","","",""
"114","STOCKTON-ON-TEES BOROUGH COUNCIL","Y54","Q45","MUNICIPAL BUILDINGS","PO BOX 11","CHURCH ROAD","STOCKTON-ON-TEES","CLEVELAND","TS18 1LD","19960401","","","H","","","","","","","","0","","","","",""
"115","ALLERDALE BOROUGH COUNCIL","Y54","Q49","ALLERDALE HOUSE","NEW BRIDGE ROAD","","WORKINGTON","CUMBRIA","CA14 3YJ","20040401","","","B","","","","","","","","0","","","","",""
"116","DURHAM COUNTY COUNCIL","Y54","Q45","COUNTY HALL","","","DURHAM","COUNTY DURHAM","DH1 5UL","19970401","","","H","","","","","","","","0","","","","",""
"117","DARLINGTON BOROUGH COUNCIL (UNITARY)","Y54","Q45","DARLINGTON BOROUGH COUNCIL","TOWN HALL","FEETHAMS","DARLINGTON","COUNTY DURHAM","DL1 5QT","19970401","","","H","","","","","","","","1","","","","",""
"118","AMBER VALLEY BOROUGH COUNCIL","Y55","Q55","TOWN HALL","MARKET PLACE","","RIPLEY","DERBYSHIRE","DE5 3BT","20040401","","","B","","","","","","","","0","","","","",""
"119","ARUN DISTRICT COUNCIL","Y57","Q68","ARUN CIVIC CENTRE","1 MALTRAVERS ROAD","","LITTLEHAMPTON","WEST SUSSEX","BN17 5LF","20040401","","","D","","","","","","","","0","","","","",""
"120","ASHFIELD DISTRICT COUNCIL","Y55","Q55","URBAN ROAD","KIRKBY-IN-ASHFIELD","","NOTTINGHAM","NOTTINGHAMSHIRE","NG17 8DA","20040401","","","D","","","","","","","","0","","","","",""
"121","ASHFORD BOROUGH COUNCIL","Y57","Q67","CIVIC CENTRE","TANNERY LANE","","ASHFORD","KENT","TN23 1PL","20040401","","","B","","","","","","","","0","","","","",""
"122","AYLESBURY VALE DISTRICT COUNCIL","Y57","Q69","THE CUSTOMER SERVICE CENTRE","66 HIGH STREET","","AYLESBURY","BUCKINGHAMSHIRE","HP20 1SD","20040401","","","D","","","","","","","","0","","","","",""
"123","BABERGH DISTRICT COUNCIL","Y55","Q56","CORKS LANE","HADLEIGH","","IPSWICH","SUFFOLK","IP7 6SJ","20040401","","","D","","","","","","","","0","","","","",""
"124","BARROW-IN-FURNESS BOROUGH COUNCIL","Y54","Q49","TOWN HALL","DUKE STREET","","BARROW-IN-FURNESS","CUMBRIA","LA14 2LD","20040401","","","B","","","","","","","","0","","","","",""
"125","BASILDON DISTRICT COUNCIL","Y55","Q57","BASILDON CENTRE","ST. MARTINS SQUARE","","BASILDON","ESSEX","SS14 1DL","20040401","","","D","","","","","","","","0","","","","",""
"126","BASINGSTOKE AND DEANE BOROUGH COUNCIL","Y57","Q70","CIVIC OFFICES","LONDON ROAD","","BASINGSTOKE","HAMPSHIRE","RG21 4AH","20040401","","","B","","","","","","","","0","","","","",""
"127","BASSETLAW DISTRICT COUNCIL","Y54","Q51","QUEENS BUILDINGS","POTTER STREET","","WORKSOP","NOTTINGHAMSHIRE","S80 2AH","20040401","","","D","","","","","","","","0","","","","",""
"128","BLABY DISTRICT COUNCIL","Y55","Q59","COUNCIL OFFICES","DESFORD ROAD","NARBOROUGH","LEICESTER","LEICESTERSHIRE","LE19 2EP","20040401","","","D","","","","","","","","0","","","","",""
"130","BOLSOVER DISTRICT COUNCIL","Y55","Q55","THE ARC","HIGH STREET","CLOWNE","CHESTERFIELD","DERBYSHIRE","S43 4JY","20040401","","","D","","","","","","","","0","","","","",""
"131","BOSTON BOROUGH COUNCIL","Y55","Q59","MUNICIPAL BUILDINGS","WEST STREET","","BOSTON","LINCOLNSHIRE","PE21 8QR","20040401","","","B","","","","","","","","0","","","","",""
"132","BRAINTREE DISTRICT COUNCIL","Y55","Q57","CAUSEWAY HOUSE","BOCKING END","","BRAINTREE","ESSEX","CM7 9HB","20040401","","","D","","","","","","","","0","","","","",""
"133","BRECKLAND DISTRICT COUNCIL","Y55","Q56","ELIZABETH HOUSE","WALPOLE LOKE","","DEREHAM","NORFOLK","NR19 1EE","20040401","","","D","","","","","","","","0","","","","",""
"134","BRENTWOOD BOROUGH COUNCIL","Y55","Q57","TOWN HALL","INGRAVE ROAD","","BRENTWOOD","ESSEX","CM15 8AY","20040401","","","B","","","","","","","","0","","","","",""
"136","BROADLAND DISTRICT COUNCIL","Y55","Q56","THORPE LODGE","1 YARMOUTH ROAD","","NORWICH","NORFOLK","NR7 0DU","20040401","","","D","","","","","","","","0","","","","",""
"137","BROMSGROVE DISTRICT COUNCIL","Y55","Q53","COUNCIL HOUSE","BURCOT LANE","","BROMSGROVE","WORCESTERSHIRE","B60 1AA","20040401","","","D","","","","","","","","0","","","","",""
"138","BROXBOURNE BOROUGH COUNCIL","Y55","Q58","BOROUGH COUNCIL, BISHOPS COLLEGE","CHURCHGATE","CHESHUNT","WALTHAM CROSS","HERTFORDSHIRE","EN8 9XQ","20120401","","","B","","","","","","","","0","","","","",""
"139","BROXTOWE BOROUGH COUNCIL","Y55","Q55","TOWN HALL","FOSTER AVENUE","BEESTON","NOTTINGHAM","NOTTINGHAMSHIRE","NG9 1AB","20040401","","","B","","","","","","","","0","","","","",""
"140","BURNLEY BOROUGH COUNCIL","Y54","Q47","TOWN HALL","","","BIRMINGHAM","WEST MIDLANDS","B11 1JA","20040401","","","B","","","","","","","","0","","","","",""
"142","CAMBRIDGE CITY COUNCIL","Y55","Q56","THE GUILDHALL","","","CAMBRIDGE","CAMBRIDGESHIRE","CB2 3QJ","20040401","","","C","","","","","","","","0","","","","",""
"143","CANNOCK CHASE DISTRICT COUNCIL","Y55","Q60","PO BOX 28","BEECROFT ROAD","","CANNOCK","STAFFORDSHIRE","WS11 1BG","20040401","","","D","","","","","","","","0","","","","",""
"144","CANTERBURY CITY COUNCIL","Y57","Q67","MILITARY ROAD","","","CANTERBURY","KENT","CT1 1YW","20040401","","","C","","","","","","","","0","","","","",""
"146","CARLISLE CITY COUNCIL","Y54","Q49","CIVIC CENTRE","RICKERGATE","","CARLISLE","CUMBRIA","CA3 8QG","20040401","","","C","","","","","","","","0","","","","",""
"148","CASTLE POINT BOROUGH COUNCIL","Y55","Q57","KILN ROAD","","","BENFLEET","ESSEX","SS7 1TF","20040401","","","B","","","","","","","","0","","","","",""
"150","CHARNWOOD BOROUGH COUNCIL","Y55","Q59","COUNCIL OFFICES","SOUTHFIELD ROAD","","LOUGHBOROUGH","LEICESTERSHIRE","LE11 2TX","20040401","","","B","","","","","","","","0","","","","",""
"151","CHELMSFORD BOROUGH COUNCIL","Y55","Q57","CIVIC CENTRE","DUKE STREET","","CHELMSFORD","ESSEX","CM1 1JE","20040401","","","B","","","","","","","","0","","","","",""
"152","CHELTENHAM BOROUGH COUNCIL","Y57","Q64","MUNICIPAL OFFICES","PROMENADE","","CHELTENHAM","GLOUCESTERSHIRE","GL50 9SA","20040401","","","B","","","","","","","","0","","","","",""
"153","CHERWELL DISTRICT COUNCIL","Y57","Q69","BODICOTE HOUSE","WHITE POST ROAD","BODICOTE","BANBURY","OXFORDSHIRE","OX15 4AA","20040401","","","D","","","","","","","","0","","","","",""
"154","CHESTERFIELD BOROUGH COUNCIL","Y55","Q55","TOWN HALL","ROSE HILL","","CHESTERFIELD","DERBYSHIRE","S40 1LP","20040401","","","B","","","","","","","","0","","","","",""
"155","CHICHESTER DISTRICT COUNCIL","Y57","Q68","EAST PALLANT HOUSE","1 EAST PALLANT","","CHICHESTER","WEST SUSSEX","PO19 1TY","20040401","","","D","","","","","","","","0","","","","",""
"156","CHILTERN DISTRICT COUNCIL","Y57","Q69","COUNCIL OFFICES","KING GEORGE V HOUSE","KING GEORGE V ROAD","AMERSHAM","BUCKINGHAMSHIRE","HP6 5AW","20040401","","","D","","","","","","","","0","","","","",""
"157","CHORLEY BOROUGH COUNCIL","Y54","Q47","CIVIC OFFICES","UNION STREET","","CHORLEY","LANCASHIRE","PR7 1AL","20040401","","","B","","","","","","","","0","","","","",""
"158","CHRISTCHURCH BOROUGH COUNCIL","Y57","Q70","CIVIC OFFICES","BRIDGE STREET","","CHRISTCHURCH","DORSET","BH23 1AZ","20040401","","","B","","","","","","","","0","","","","",""
"159","CITY OF LINCOLN COUNCIL","Y55","Q59","CITY HALL","BEAUMONT FEE","","LINCOLN","LINCOLNSHIRE","LN1 1DD","20040401","","","C","","","","","","","","0","","","","",""
"160","COLCHESTER BOROUGH COUNCIL","Y55","Q57","PO BOX 884","TOWN HALL","","COLCHESTER","ESSEX","CO1 1FL","20040401","","","B","","","","","","","","0","","","","",""
"162","COPELAND BOROUGH COUNCIL","Y54","Q49","THE COPELAND CENTRE","CATHERINE STREET","","WHITEHAVEN","CUMBRIA","CA28 7SJ","20040401","","","B","","","","","","","","0","","","","",""
"163","CORBY BOROUGH COUNCIL","Y55","Q58","GROSVENOR HOUSE","GEORGE STREET","","CORBY","NORTHAMPTONSHIRE","NN17 1QB","20040401","","","B","","","","","","","","0","","","","",""
"164","COTSWOLD DISTRICT COUNCIL","Y57","Q64","TRINITY ROAD","","","CIRENCESTER","GLOUCESTERSHIRE","GL7 1PX","20040401","","","D","","","","","","","","0","","","","",""
"165","CRAVEN DISTRICT COUNCIL","Y54","Q52","1 BELLE VUE SQUARE","BROUGHTON ROAD","","SKIPTON","NORTH YORKSHIRE","BD23 1FJ","20040401","","","D","","","","","","","","0","","","","",""
"166","CRAWLEY BOROUGH COUNCIL","Y57","Q68","TOWN HALL","THE BOULEVARD","","CRAWLEY","WEST SUSSEX","RH10 1UZ","20040401","","","B","","","","","","","","0","","","","",""
"167","DACORUM BOROUGH COUNCIL","Y55","Q58","CIVIC CENTRE","MARLOWES","","HEMEL HEMPSTEAD","HERTFORDSHIRE","HP1 1HH","20040401","","","B","","","","","","","","0","","","","",""
"168","DARTFORD BOROUGH COUNCIL","Y57","Q67","CIVIC CENTRE","HOME GARDENS","","DARTFORD","KENT","DA1 1DR","20040401","","","B","","","","","","","","0","","","","",""
"169","DAVENTRY DISTRICT COUNCIL","Y55","Q58","LODGE ROAD","","","DAVENTRY","NORTHAMPTONSHIRE","NN11 4FP","20040401","","","D","","","","","","","","0","","","","",""
"171","DERBYSHIRE DALES DISTRICT COUNCIL","Y55","Q55","TOWN HALL","BANK ROAD","","MATLOCK","DERBYSHIRE","DE4 3NN","20040401","","","D","","","","","","","","0","","","","",""
"172","DOVER DISTRICT COUNCIL","Y57","Q67","WHITE CLIFFS BUSINESS PARK","WHITFIELD","","DOVER","KENT","CT16 3PJ","20040401","","","D","","","","","","","","0","","","","",""
"173","EAST CAMBRIDGESHIRE DISTRICT COUNCIL","Y55","Q56","THE GRANGE","NUTHOLT LANE","","ELY","CAMBRIDGESHIRE","CB7 4EE","20040401","","","D","","","","","","","","0","","","","",""
"174","EAST DEVON DISTRICT COUNCIL","Y57","Q66","COUNCIL OFFICES","KNOWLE","","SIDMOUTH","DEVON","EX10 8HL","20040401","","","D","","","","","","","","0","","","","",""
"175","EAST DORSET DISTRICT COUNCIL","Y57","Q70","COUNCIL OFFICES","FURZEHILL","","WIMBORNE","DORSET","BH21 4HN","20040401","","","D","","","","","","","","0","","","","",""
"176","EAST HAMPSHIRE DISTRICT COUNCIL","Y57","Q70","PENNS PLACE","","","PETERSFIELD","HAMPSHIRE","GU31 4EX","20040401","","","D","","","","","","","","0","","","","",""
"177","EAST HERTFORDSHIRE DISTRICT COUNCIL","Y55","Q58","1 THE CAUSEWAY","","","BISHOP'S STORTFORD","HERTFORDSHIRE","CM23 2EN","20040401","","","D","","","","","","","","0","","","","",""
"178","EAST LINDSEY DISTRICT COUNCIL","Y55","Q59","TEDDER HALL","MANBY PARK","","LOUTH","LINCOLNSHIRE","LN11 8UP","20040401","","","D","","","","","","","","0","","","","",""
"179","EAST NORTHAMPTONSHIRE COUNCIL","Y55","Q58","EAST NORTHAMPTONSHIRE HOUSE","CEDAR DRIVE","THRAPSTON","KETTERING","NORTHAMPTONSHIRE","NN14 4LZ","20040401","","","D","","","","","","","","0","","","","",""
"180","EAST STAFFORDSHIRE BOROUGH COUNCIL","Y55","Q60","KING EDWARD PLACE","TOWN HALL","","BURTON-ON-TRENT","STAFFORDSHIRE","DE14 2EB","20040401","","","B","","","","","","","","0","","","","",""
"181","EASTBOURNE BOROUGH COUNCIL","Y57","Q68","1 GROVE ROAD","","","EASTBOURNE","EAST SUSSEX","BN21 4TW","20040401","","","B","","","","","","","","0","","","","",""
"182","EASTLEIGH BOROUGH COUNCIL","Y57","Q70","CIVIC OFFICES","LEIGH ROAD","","EASTLEIGH","HAMPSHIRE","SO50 9YN","20040401","","","B","","","","","","","","0","","","","",""
"183","EDEN DISTRICT COUNCIL","Y54","Q49","TOWN HALL","CORNEY SQUARE","","PENRITH","CUMBRIA","CA11 7QF","20040401","","","D","","","","","","","","0","","","","",""
"184","ELMBRIDGE BOROUGH COUNCIL","Y57","Q68","CIVIC CENTRE","HIGH STREET","","ESHER","SURREY","KT10 9SD","20040401","","","B","","","","","","","","0","","","","",""
"185","EPPING FOREST DISTRICT COUNCIL","Y55","Q57","CIVIC OFFICES","323 HIGH STREET","","EPPING","ESSEX","CM16 4BZ","20040401","","","D","","","","","","","","0","","","","",""
"186","EPSOM AND EWELL BOROUGH COUNCIL","Y57","Q68","TOWN HALL","THE PARADE","","EPSOM","SURREY","KT18 5BY","20040401","","","B","","","","","","","","0","","","","",""
"187","EREWASH BOROUGH COUNCIL","Y55","Q55","TOWN HALL","WHARNCLIFFE ROAD","","ILKESTON","DERBYSHIRE","DE7 5RP","20040401","","","B","","","","","","","","0","","","","",""
"188","EXETER CITY COUNCIL","Y57","Q66","CIVIC CENTRE","PARIS STREET","","EXETER","DEVON","EX1 1JN","20040401","","","C","","","","","","","","0","","","","",""
"189","FAREHAM BOROUGH COUNCIL","Y57","Q70","CIVIC OFFICES","CIVIC WAY","","FAREHAM","HAMPSHIRE","PO16 7AZ","20040401","","","B","","","","","","","","0","","","","",""
"190","FENLAND DISTRICT COUNCIL","Y55","Q56","FENLAND HALL","COUNTY ROAD","","MARCH","CAMBRIDGESHIRE","PE15 8NQ","20040401","","","D","","","","","","","","0","","","","",""
"192","FOREST HEATH DISTRICT COUNCIL","Y55","Q56","DISTRICT OFFICES","COLLEGE HEATH ROAD","MILDENHALL","BURY ST. EDMUNDS","SUFFOLK","IP28 7EY","20040401","","","D","","","","","","","","0","","","","",""
"193","FOREST OF DEAN DISTRICT COUNCIL","Y57","Q64","COUNCIL OFFICES","HIGH STREET","","COLEFORD","GLOUCESTERSHIRE","GL16 8HG","20040401","","","D","","","","","","","","0","","","","",""
"194","FYLDE BOROUGH COUNCIL","Y54","Q47","TOWN HALL","","","LYTHAM ST. ANNES","LANCASHIRE","FY8 1LW","20040401","","","B","","","","","","","","0","","","","",""
"195","GEDLING BOROUGH COUNCIL","Y55","Q55","CIVIC CENTRE","ARNOT HILL PARK","ARNOLD","NOTTINGHAM","NOTTINGHAMSHIRE","NG5 6LU","20040401","","","B","","","","","","","","0","","","","",""
"196","GLOUCESTER CITY COUNCIL","Y57","Q64","HERBERT WAREHOUSE","THE DOCKS","","GLOUCESTER","GLOUCESTERSHIRE","GL1 2EQ","20040401","","","C","","","","","","","","0","","","","",""
"197","GOSPORT BOROUGH COUNCIL","Y57","Q70","TOWN HALL","HIGH STREET","","GOSPORT","HAMPSHIRE","PO12 1EB","20040401","","","B","","","","","","","","0","","","","",""
"198","GRAVESHAM BOROUGH COUNCIL","Y57","Q67","CIVIC CENTRE","WINDMILL STREET","","GRAVESEND","KENT","DA12 1AU","20040401","","","B","","","","","","","","0","","","","",""
"199","GREAT YARMOUTH BOROUGH COUNCIL","Y55","Q56","TOWN HALL","HALL PLAIN","","GREAT YARMOUTH","NORFOLK","NR30 2QF","20040401","","","B","","","","","","","","0","","","","",""
"203","GREATER LONDON AUTHORITY","Y56","Q71","CITY HALL","110 THE QUEENS WALK","","LONDON","GREATER LONDON","SE1 2AA","20040401","","","J","","","","","","","","0","","","","",""
"204","BARNSLEY METROPOLITAN BOROUGH COUNCIL","Y54","Q51","TOWN HALL","CHURCH STREET","","BARNSLEY","SOUTH YORKSHIRE","S70 2TA","19800101","","","E","","","","","","","","0","","","","",""
"205","DONCASTER COUNCIL","Y54","Q51","COUNCIL HOUSE","COLLEGE ROAD","","DONCASTER","SOUTH YORKSHIRE","DN1 3AN","19800101","","","E","","","","","","","","0","","","","",""
"206","ROTHERHAM METROPOLITAN BOROUGH COUNCIL","Y54","Q51","CIVIC BUILDING","WALKER PLACE","","ROTHERHAM","SOUTH YORKSHIRE","S65 1UF","19800101","","","E","","","","","","","","0","","","","",""
"207","SHEFFIELD CITY COUNCIL","Y54","Q51","TOWN HALL","PINSTONE STREET","","SHEFFIELD","SOUTH YORKSHIRE","S1 2HH","19800101","","","E","","","","","","","","0","","","","",""
"208","GUILDFORD BOROUGH COUNCIL","Y57","Q68","MILLMEAD HOUSE","MILLMEAD","","GUILDFORD","SURREY","GU2 4BB","20040401","","","B","","","","","","","","0","","","","",""
"209","CITY OF BRADFORD METROPOLITAN DISTRICT COUNCIL","Y54","Q52","6TH FLOOR","BRITANNIA HOUSE","HALL INGS","BRADFORD","WEST YORKSHIRE","BD1 1HX","19800101","","","E","","","","","","","","0","","","","",""
"210","CALDERDALE METROPOLITAN BOROUGH COUNCIL","Y54","Q52","TOWN HALL","CROSSLEY STREET","","HALIFAX","WEST YORKSHIRE","HX1 1UJ","19800101","","","E","","","","","","","","0","","","","",""
"211","KIRKLEES COUNCIL","Y54","Q52","CIVIC CENTRE","3 MARKET STREET","","HUDDERSFIELD","WEST YORKSHIRE","HD1 2EH","19800101","","","E","","","","","","","","0","","","","",""
"212","LEEDS CITY COUNCIL","Y54","Q52","CIVIC HALL","CALVERLEY STREET","","LEEDS","WEST YORKSHIRE","LS1 1UR","19800101","","","E","","","","","","","","0","","","","",""
"213","WAKEFIELD COUNCIL","Y54","Q52","TOWN HALL","WOOD STREET","","WAKEFIELD","WEST YORKSHIRE","WF1 2HQ","19800101","","","E","","","","","","","","0","","","","",""
"214","EAST RIDING OF YORKSHIRE COUNCIL","Y54","Q50","COUNTY HALL","CROSS STREET","","BEVERLEY","NORTH HUMBERSIDE","HU17 9BA","19960401","","","H","","","","","","","","0","","","","",""
"215","KINGSTON-UPON-HULL CITY COUNCIL","Y54","Q50","GUILDHALL","ALFRED GELDER STREET","","HULL","NORTH HUMBERSIDE","HU1 2AA","19960401","","","H","","","","","","","","0","","","","",""
"216","NORTH EAST LINCOLNSHIRE COUNCIL","Y54","Q50","MUNICIPAL OFFICES","TOWN HALL SQUARE","","GRIMSBY","SOUTH HUMBERSIDE","DN31 1HU","19960401","","","H","","","","","","","","0","","","","",""
"217","NORTH LINCOLNSHIRE COUNCIL","Y54","Q50","CIVIC CENTRE","ASHBY ROAD","","SCUNTHORPE","SOUTH HUMBERSIDE","DN16 1AB","19960401","","","H","","","","","","","","0","","","","",""
"218","NORTH YORKSHIRE COUNTY COUNCIL","Y54","Q50","COUNTY HALL","","","NORTHALLERTON","NORTH YORKSHIRE","DL7 8AD","19960401","","","A","","","","","","","","0","","","","",""
"219","YORK CITY COUNCIL","Y54","Q50","WEST OFFICES","STATION RISE","","YORK","NORTH YORKSHIRE","YO1 6GA","19960401","","","H","","","","","","","","0","","","","",""
"221","HAMBLETON DISTRICT COUNCIL","Y54","Q50","CIVIC CENTRE","STONE CROSS","","NORTHALLERTON","NORTH YORKSHIRE","DL6 2UU","20040401","","","D","","","","","","","","0","","","","",""
"222","HARBOROUGH DISTRICT COUNCIL","Y55","Q59","COUNCIL OFFICES","ADAM & EVE STREET","","MARKET HARBOROUGH","LEICESTERSHIRE","LE16 7AG","20040401","","","D","","","","","","","","0","","","","",""
"223","HARLOW DISTRICT COUNCIL","Y55","Q57","CIVIC CENTRE","THE WATER GARDENS","COLLEGE SQUARE","HARLOW","ESSEX","CM20 1WG","20040401","","","D","","","","","","","","0","","","","",""
"224","HARROGATE BOROUGH COUNCIL","Y54","Q50","COUNCIL OFFICES","CRESCENT GARDENS","","HARROGATE","NORTH YORKSHIRE","HG1 2SG","20040401","","","B","","","","","","","","0","","","","",""
"225","HART DISTRICT COUNCIL","Y57","Q70","CIVIC OFFICES","HARLINGTON WAY","","FLEET","HAMPSHIRE","GU51 4AE","20040401","","","D","","","","","","","","0","","","","",""
"226","HASTINGS BOROUGH COUNCIL","Y57","Q68","TOWN HALL","QUEENS ROAD","","HASTINGS","EAST SUSSEX","TN34 1QR","20040401","","","B","","","","","","","","0","","","","",""
"227","HAVANT BOROUGH COUNCIL","Y57","Q70","PUBLIC SERVICE PLAZA","CIVIC CENTRE ROAD","","HAVANT","HAMPSHIRE","PO9 2AX","20040401","","","B","","","","","","","","0","","","","",""
"228","HERTSMERE BOROUGH COUNCIL","Y55","Q58","CIVIC OFFICES","ELSTREE WAY","","BOREHAMWOOD","HERTFORDSHIRE","WD6 1WA","20040401","","","B","","","","","","","","0","","","","",""
"229","HIGH PEAK BOROUGH COUNCIL","Y55","Q55","TOWN HALL","","","BUXTON","DERBYSHIRE","SK17 6EL","20040401","","","B","","","","","","","","0","","","","",""
"230","HINCKLEY & BOSWORTH BOROUGH COUNCIL","Y55","Q59","COUNCIL OFFICES","ARGENTS MEAD","","HINCKLEY","LEICESTERSHIRE","LE10 1BZ","20040401","","","B","","","","","","","","0","","","","",""
"231","HORSHAM DISTRICT COUNCIL","Y57","Q68","PARK NORTH","NORTH STREET","","HORSHAM","WEST SUSSEX","RH12 1RL","20040401","","","D","","","","","","","","0","","","","",""
"232","HUNTINGDONSHIRE DISTRICT COUNCIL","Y55","Q56","PATHFINDER HOUSE","ST. MARYS STREET","","HUNTINGDON","CAMBRIDGESHIRE","PE29 3TN","20040401","","","D","","","","","","","","0","","","","",""
"233","HYNDBURN BOROUGH COUNCIL","Y54","Q47","SCAITCLIFFE HOUSE","ORMEROD STREET","","ACCRINGTON","LANCASHIRE","BB5 0PF","20040401","","","B","","","","","","","","0","","","","",""
"234","IPSWICH BOROUGH COUNCIL","Y55","Q56","GRAFTON HOUSE","15-17 RUSSELL ROAD","","IPSWICH","SUFFOLK","IP1 2DE","20040401","","","B","","","","","","","","0","","","","",""
"236","KETTERING BOROUGH COUNCIL","Y55","Q58","MUNICIPAL OFFICES","BOWLING GREEN ROAD","","KETTERING","NORTHAMPTONSHIRE","NN15 7QX","20040401","","","B","","","","","","","","0","","","","",""
"237","KINGS LYNN & WEST NORFOLK BOROUGH COUNCIL","Y55","Q56","KINGS COURT","CHAPEL STREET","","KING'S LYNN","NORFOLK","PE30 1EX","20040401","","","B","","","","","","","","0","","","","",""
"238","LANCASTER CITY COUNCIL","Y54","Q47","TOWN HALL","DALTON SQUARE","","LANCASTER","LANCASHIRE","LA1 1PJ","20040401","","","C","","","","","","","","0","","","","",""
"239","LEWES DISTRICT COUNCIL","Y57","Q68","32 HIGH STREET","","","LEWES","EAST SUSSEX","BN7 2LX","20040401","","","D","","","","","","","","0","","","","",""
"240","LICHFIELD DISTRICT COUNCIL","Y55","Q60","DISTRICT COUNCIL HOUSE","FROG LANE","","LICHFIELD","STAFFORDSHIRE","WS13 6YY","20040401","","","D","","","","","","","","0","","","","",""
"241","MAIDSTONE BOROUGH COUNCIL","Y57","Q67","MAIDSTONE HOUSE","KING STREET","","MAIDSTONE","KENT","ME15 6JQ","20040401","","","B","","","","","","","","0","","","","",""
"242","MALDON DISTRICT COUNCIL","Y55","Q57","COUNCIL OFFICES","PRINCES ROAD","","MALDON","ESSEX","CM9 5DL","20040401","","","D","","","","","","","","0","","","","",""
"243","MALVERN HILLS DISTRICT COUNCIL","Y55","Q53","THE COUNCIL HOUSE","AVENUE ROAD","","MALVERN","WORCESTERSHIRE","WR14 3AF","20040401","","","D","","","","","","","","0","","","","",""
"244","MANSFIELD DISTRICT COUNCIL","Y55","Q55","CIVIC CENTRE","CHESTERFIELD ROAD SOUTH","","MANSFIELD","NOTTINGHAMSHIRE","NG19 7BH","20040401","","","D","","","","","","","","0","","","","",""
"245","MELTON BOROUGH COUNCIL","Y55","Q59","PARKSIDE","STATION APPROACH","BURTON STREET","MELTON MOWBRAY","LEICESTERSHIRE","LE13 1GH","20040401","","","B","","","","","","","","0","","","","",""
"246","MENDIP DISTRICT COUNCIL","Y57","Q65","COUNCIL OFFICES","CANNARDS GRAVE ROAD","","SHEPTON MALLET","SOMERSET","BA4 5BT","20040401","","","D","","","","","","","","0","","","","",""
"248","MID DEVON DISTRICT COUNCIL","Y57","Q66","PHOENIX HOUSE","PHOENIX LANE","","TIVERTON","DEVON","EX16 6PP","20040401","","","D","","","","","","","","0","","","","",""
"249","MID SUFFOLK DISTRICT COUNCIL","Y55","Q56","COUNCIL OFFICES","131 HIGH STREET","NEEDHAM MARKET","IPSWICH","SUFFOLK","IP6 8DL","20040401","","","D","","","","","","","","0","","","","",""
"250","MID SUSSEX DISTRICT COUNCIL","Y57","Q68","OAKLANDS","OAKLANDS ROAD","","HAYWARDS HEATH","WEST SUSSEX","RH16 1SS","20040401","","","D","","","","","","","","0","","","","",""
"251","MOLE VALLEY DISTRICT COUNCIL","Y57","Q68","PIPPBROOK","","","DORKING","SURREY","RH4 1SJ","20040401","","","D","","","","","","","","0","","","","",""
"254","NEW FOREST DISTRICT COUNCIL","Y57","Q70","APPLETREE COURT","BEAULIEU ROAD","","LYNDHURST","HAMPSHIRE","SO43 7PA","20040401","","","D","","","","","","","","0","","","","",""
"255","NEWARK AND SHERWOOD DISTRICT COUNCIL","Y55","Q55","KELHAM HALL","KELHAM","","NEWARK","NOTTINGHAMSHIRE","NG23 5QX","20040401","","","D","","","","","","","","0","","","","",""
"256","NEWCASTLE-UNDER-LYME BOROUGH COUNCIL","Y55","Q60","CIVIC OFFICES","MERRIAL STREET","","NEWCASTLE","STAFFORDSHIRE","ST5 2AG","20040401","","","B","","","","","","","","0","","","","",""
"258","NORTH DEVON DISTRICT COUNCIL","Y57","Q66","CIVIC CENTRE","NORTH WALK","","BARNSTAPLE","DEVON","EX31 1EA","20040401","","","D","","","","","","","","0","","","","",""
"259","NORTH DORSET DISTRICT COUNCIL","Y57","Q70","NORDON","SALISBURY ROAD","","BLANDFORD FORUM","DORSET","DT11 7LL","20040401","","","D","","","","","","","","0","","","","",""
"260","NORTH EAST DERBYSHIRE DISTRICT COUNCIL","Y55","Q55","COUNCIL HOUSE","SALTERGATE","","CHESTERFIELD","DERBYSHIRE","S40 1LF","20040401","","","D","","","","","","","","0","","","","",""
"261","NORTH HERTFORDSHIRE DISTRICT COUNCIL","Y55","Q58","COUNCIL OFFICES","GERNON ROAD","","LETCHWORTH GARDEN CITY","HERTFORDSHIRE","SG6 3JF","20040401","","","D","","","","","","","","0","","","","",""
"262","NORTH KESTEVEN DISTRICT COUNCIL","Y55","Q59","PO BOX 3","COUNCIL OFFICES","KESTEVEN STREET","SLEAFORD","LINCOLNSHIRE","NG34 7EF","20040401","","","D","","","","","","","","0","","","","",""
"263","NORTH NORFOLK DISTRICT COUNCIL","Y55","Q56","COUNCIL OFFICES","HOLT ROAD","","CROMER","NORFOLK","NR27 9EN","20040401","","","D","","","","","","","","0","","","","",""
"264","NORTH WARWICKSHIRE BOROUGH COUNCIL","Y55","Q53","THE COUNCIL HOUSE","SOUTH STREET","","ATHERSTONE","WARWICKSHIRE","CV9 1DE","20040401","","","B","","","","","","","","0","","","","",""
"265","NORTH WEST LEICESTERSHIRE DISTRICT COUNCIL","Y55","Q59","COUNCIL OFFICES","WHITWICK ROAD","","COALVILLE","LEICESTERSHIRE","LE67 3FJ","20040401","","","D","","","","","","","","0","","","","",""
"266","NORTHAMPTON BOROUGH COUNCIL","Y55","Q58","THE GUILDHALL","ST. GILES SQUARE","","NORTHAMPTON","NORTHAMPTONSHIRE","NN1 1DE","20040401","","","B","","","","","","","","0","","","","",""
"267","NORWICH CITY COUNCIL","Y55","Q56","CITY HALL","ST. PETERS STREET","","NORWICH","NORFOLK","NR2 1NH","20040401","","","C","","","","","","","","0","","","","",""
"268","NUNEATON AND BEDWORTH BOROUGH COUNCIL","Y55","Q53","TOWN HALL","COTON ROAD","","NUNEATON","WARWICKSHIRE","CV11 5AA","20040401","","","B","","","","","","","","0","","","","",""
"269","OADBY & WIGSTON BOROUGH COUNCIL","Y55","Q59","BUSHLOE HOUSE","STATION ROAD","","WIGSTON","LEICESTERSHIRE","LE18 2DR","20040401","","","B","","","","","","","","0","","","","",""
"270","OXFORD CITY COUNCIL","Y57","Q69","PO BOX 10","","","OXFORD","OXFORDSHIRE","OX1 1EN","20040401","","","C","","","","","","","","0","","","","",""
"272","PENDLE BOROUGH COUNCIL","Y54","Q47","TOWN HALL","MARKET STREET","","NELSON","LANCASHIRE","BB9 7LG","20040401","","","B","","","","","","","","0","","","","",""
"274","PRESTON CITY COUNCIL","Y54","Q47","TOWN HALL","LANCASTER ROAD","","PRESTON","LANCASHIRE","PR1 2RL","20040401","","","C","","","","","","","","0","","","","",""
"275","PURBECK DISTRICT COUNCIL","Y57","Q70","WESTPORT HOUSE","WORGRET ROAD","","WAREHAM","DORSET","BH20 4PP","20040401","","","D","","","","","","","","0","","","","",""
"276","REDDITCH BOROUGH COUNCIL","Y55","Q53","TOWN HALL","WALTER STRANZ SQUARE","","REDDITCH","WORCESTERSHIRE","B98 8AH","20040401","","","B","","","","","","","","0","","","","",""
"277","REIGATE AND BANSTEAD BOROUGH COUNCIL","Y57","Q68","TOWN HALL","CASTLEFIELD ROAD","","REIGATE","SURREY","RH2 0SH","20040401","","","B","","","","","","","","0","","","","",""
"279","RIBBLE VALLEY BOROUGH COUNCIL","Y54","Q47","COUNCIL OFFICES","CHURCH WALK","","CLITHEROE","LANCASHIRE","BB7 2RA","20040401","","","B","","","","","","","","0","","","","",""
"280","RICHMONDSHIRE DISTRICT COUNCIL","Y54","Q50","SWALE HOUSE","12 FRENCHGATE","","RICHMOND","NORTH YORKSHIRE","DL10 4JE","20040401","","","D","","","","","","","","0","","","","",""
"281","ROCHFORD DISTRICT COUNCIL","Y55","Q57","COUNCIL OFFICES","SOUTH STREET","","ROCHFORD","ESSEX","SS4 1BW","20040401","","","D","","","","","","","","0","","","","",""
"282","ROSSENDALE BOROUGH COUNCIL","Y54","Q47","TOWN HALL","LORD STREET","RAWTENSTALL","ROSSENDALE","LANCASHIRE","BB4 7LZ","20040401","","","B","","","","","","","","0","","","","",""
"283","ROTHER DISTRICT COUNCIL","Y57","Q68","TOWN HALL","LONDON ROAD","","BEXHILL-ON-SEA","EAST SUSSEX","TN39 3JX","20040401","","","D","","","","","","","","0","","","","",""
"284","RUGBY BOROUGH COUNCIL","Y55","Q53","TOWN HALL","EVREUX WAY","","RUGBY","WARWICKSHIRE","CV21 2RR","20040401","","","B","","","","","","","","0","","","","",""
"285","RUNNYMEDE BOROUGH COUNCIL","Y57","Q68","CIVIC CENTRE","STATION ROAD","","ADDLESTONE","SURREY","KT15 2AH","20040401","","","B","","","","","","","","0","","","","",""
"286","RUSHCLIFFE BOROUGH COUNCIL","Y55","Q55","CIVIC CENTRE","PAVILION ROAD","WEST BRIDGFORD","NOTTINGHAM","NOTTINGHAMSHIRE","NG2 5FE","20040401","","","B","","","","","","","","0","","","","",""
"287","RUSHMOOR BOROUGH COUNCIL","Y57","Q70","COUNCIL OFFICES","FARNBOROUGH ROAD","","FARNBOROUGH","HAMPSHIRE","GU14 7JU","20040401","","","B","","","","","","","","0","","","","",""
"288","RYEDALE DISTRICT COUNCIL","Y54","Q50","RYEDALE HOUSE","OLD MALTON ROAD","","MALTON","NORTH YORKSHIRE","YO17 7HH","20040401","","","D","","","","","","","","0","","","","",""
"289","SCARBOROUGH BOROUGH COUNCIL","Y54","Q50","TOWN HALL","ST. NICHOLAS STREET","","SCARBOROUGH","NORTH YORKSHIRE","YO11 2HG","20040401","","","B","","","","","","","","0","","","","",""
"290","SEDGEMOOR DISTRICT COUNCIL","Y57","Q65","BRIDGWATER HOUSE","KING SQUARE","","BRIDGWATER","SOMERSET","TA6 3AR","20040401","","","D","","","","","","","","0","","","","",""
"291","SELBY DISTRICT COUNCIL","Y54","Q50","CIVIC CENTRE","WAR MEMORIAL SQUARE","DONCASTER ROAD","SELBY","NORTH YORKSHIRE","YO8 9FT","20040401","","","D","","","","","","","","0","","","","",""
"292","SEVENOAKS DISTRICT COUNCIL","Y57","Q67","COUNCIL OFFICES","ARGYLE ROAD","","SEVENOAKS","KENT","TN13 1HG","20040401","","","D","","","","","","","","0","","","","",""
"293","SHEPWAY DISTRICT COUNCIL","Y57","Q67","CIVIC CENTRE","CASTLE HILL AVENUE","","FOLKESTONE","KENT","CT20 2QY","20040401","","","D","","","","","","","","0","","","","",""
"294","SOUTH BUCKS DISTRICT COUNCIL","Y57","Q69","CAPSWOOD BUSINESS CENTRE","OXFORD ROAD","DENHAM","UXBRIDGE","MIDDLESEX","UB9 4LH","20040401","","","D","","","","","","","","0","","","","",""
"295","SOUTH CAMBRIDGESHIRE DISTRICT COUNCIL","Y55","Q56","SOUTH CAMBRIDGESHIRE HALL","6010 CAMBOURNE BUSINESS PARK","CAMBOURNE","CAMBRIDGE","CAMBRIDGESHIRE","CB23 6EA","20040401","","","D","","","","","","","","0","","","","",""
"296","SOUTH DERBYSHIRE DISTRICT COUNCIL","Y55","Q55","CIVIC OFFICES","CIVIC WAY","","SWADLINCOTE","DERBYSHIRE","DE11 0AH","20040401","","","D","","","","","","","","0","","","","",""
"297","SOUTH HAMS DISTRICT COUNCIL","Y57","Q66","FOLLATON HOUSE","PLYMOUTH ROAD","","TOTNES","DEVON","TQ9 5NE","20040401","","","D","","","","","","","","0","","","","",""
"298","SOUTH HOLLAND DISTRICT COUNCIL","Y55","Q59","COUNCIL OFFICES","PRIORY ROAD","","SPALDING","LINCOLNSHIRE","PE11 2XE","20040401","","","D","","","","","","","","0","","","","",""
"299","SOUTH KESTEVEN DISTRICT COUNCIL","Y55","Q59","COUNCIL OFFICES","ST. PETERS HILL","","GRANTHAM","LINCOLNSHIRE","NG31 6PZ","20040401","","","D","","","","","","","","0","","","","",""
"303","SOUTH LAKELAND DISTRICT COUNCIL","Y54","Q49","SOUTH LAKELAND HOUSE","LOWTHER STREET","","KENDAL","CUMBRIA","LA9 4UF","20040401","","","D","","","","","","","","0","","","","",""
"304","BOLTON METROPOLITAN BOROUGH COUNCIL","Y54","Q46","TOWN HALL","VICTORIA SQUARE","","BOLTON","LANCASHIRE","BL1 1RJ","19800101","","","E","","","","","","","","0","","","","",""
"305","BURY METROPOLITAN BOROUGH COUNCIL","Y54","Q46","TOWN HALL","KNOWSLEY STREET","","BURY","LANCASHIRE","BL9 0SW","19800101","","","E","","","","","","","","0","","","","",""
"306","MANCHESTER CITY COUNCIL","Y54","Q46","TOWN HALL","ALBERT SQUARE","","MANCHESTER","GREATER MANCHESTER","M60 2LA","19800101","","","E","","","","","","","","0","","","","",""
"307","OLDHAM METROPOLITIAN BOROUGH COUNCIL","Y54","Q46","CIVIC CENTRE","WEST STREET","","OLDHAM","LANCASHIRE","OL1 1UG","19800101","","","E","","","","","","","","0","","","","",""
"308","ROCHDALE METROPOLITAN BOROUGH COUNCIL","Y54","Q46","PO BOX 39","MUNICIPAL OFFICES","SMITH STREET","ROCHDALE","LANCASHIRE","OL16 1LQ","19800101","","","E","","","","","","","","0","","","","",""
"309","SALFORD CITY COUNCIL","Y54","Q46","CIVIC CENTRE","CHORLEY ROAD","SWINTON, SALFORD","MANCHESTER","GREATER MANCHESTER","M27 5DA","19800101","","","E","","","","","","","","0","","","","",""
"310","STOCKPORT METROPOLITAN BOROUGH COUNCIL","Y54","Q46","STOCKPORT TOWN HALL","EDWARD STREET","","STOCKPORT","CHESHIRE","SK1 3XE","19800101","","","E","","","","","","","","0","","","","",""
"311","TAMESIDE METROPOLITAN BOROUGH COUNCIL","Y54","Q46","COUNCIL OFFICES","WELLINGTON ROAD","","ASHTON-UNDER-LYNE","LANCASHIRE","OL6 6DL","19800101","","","E","","","","","","","","0","","","","",""
"312","TRAFFORD METROPOLITAN BOROUGH COUNCIL","Y54","Q46","TRAFFORD TOWN HALL","TALBOT ROAD","STRETFORD","MANCHESTER","GREATER MANCHESTER","M32 0TH","19800101","","","E","","","","","","","","0","","","","",""
"313","WIGAN METROPOLITAN BOROUGH COUNCIL","Y54","Q46","TOWN HALL","LIBRARY STREET","","WIGAN","LANCASHIRE","WN1 1YN","19800101","","","E","","","","","","","","0","","","","",""
"314","SOUTH NORFOLK COUNCIL","Y55","Q56","SOUTH NORFOLK HOUSE","SWAN LANE","LONG STRATTON","NORWICH","NORFOLK","NR15 2XE","20040401","","","D","","","","","","","","0","","","","",""
"315","KNOWSLEY METROPOLITAN BOROUGH COUNCIL","Y54","Q48","MUNICIPAL BUILDINGS","CHERRYFIELD DRIVE","","LIVERPOOL","MERSEYSIDE","L32 1TX","19800101","","","E","","","","","","","","0","","","","",""
"316","LIVERPOOL CITY COUNCIL","Y54","Q48","MUNICIPAL BUILDINGS","DALE STREET","","LIVERPOOL","MERSEYSIDE","L2 2DH","19800101","","","E","","","","","","","","0","","","","",""
"317","SEFTON COUNCIL","Y54","Q48","324-342 STANLEY ROAD","","","BOOTLE","MERSEYSIDE","L20 6ET","19800101","","","E","","","","","","","","0","","","","",""
"318","ST HELENS METROPOLITAN BOROUGH COUNCIL","Y54","Q48","WESLEY HOUSE","CORPORATION STREET","","ST. HELENS","MERSEYSIDE","WA10 1HF","19800101","","","E","","","","","","","","0","","","","",""
"319","WIRRAL METROPOLITAN BOROUGH COUNCIL","Y54","Q44","TOWN HALL","BRIGHTON STREET","","WALLASEY","MERSEYSIDE","CH44 8ED","19800101","","","E","","","","","","","","0","","","","",""
"321","HALTON BOROUGH COUNCIL (UNITARY)","Y54","Q48","MUNICIPAL BUILDING","KINGSWAY","","WIDNES","CHESHIRE","WA8 7QF","19980401","","","H","","","","","","","","0","","","","",""
"322","WARRINGTON BOROUGH COUNCIL (UNITARY)","Y54","Q44","TOWN HALL","SANKEY STREET","","WARRINGTON","CHESHIRE","WA1 1UH","19980401","","","H","","","","","","","","0","","","","",""
"323","LANCASHIRE COUNTY COUNCIL","Y54","Q47","PO BOX 78","COUNTY HALL","FISHERGATE","PRESTON","LANCASHIRE","PR1 8XJ","19980401","","","A","","","","","","","","0","","","","",""
"324","BLACKBURN WITH DARWEN BOROUGH COUNCIL","Y54","Q47","TOWN HALL","KING WILLIAM STREET","","BLACKBURN","LANCASHIRE","BB1 7DY","19980401","","","H","","","","","","","","0","","","","",""
"325","BLACKPOOL BOROUGH COUNCIL","Y54","Q47","CUSTOMER FIRST CENTRE","MUNICIPAL BUILDING","CORPORATION STREET","BLACKPOOL","LANCASHIRE","FY1 1NF","19980401","","","H","","","","","","","","0","","","","",""
"326","CHESHIRE EAST COUNCIL","Y54","Q44","WESTFIELDS","MIDDLEWICH ROAD","","SANDBACH","CHESHIRE","CW11 1HZ","20040401","","","H","","","","","","","","0","","","","",""
"327","CHESHIRE WEST AND CHESTER COUNCIL","Y54","Q44","58 NICHOLAS STREET","","","CHESTER","CHESHIRE","CH1 2NP","20090401","","","H","","","","","","","","0","","","","",""
"328","SOUTH RIBBLE BOROUGH COUNCIL","Y54","Q47","CIVIC CENTRE","WEST PADDOCK","","LEYLAND","LANCASHIRE","PR25 1DH","20040401","","","B","","","","","","","","0","","","","",""
"329","SOUTH SOMERSET DISTRICT COUNCIL","Y57","Q65","THE COUNCIL OFFICES","BRYMPTON WAY","","YEOVIL","SOMERSET","BA20 2HT","20040401","","","D","","","","","","","","0","","","","",""
"330","SOUTH STAFFORDSHIRE COUNCIL","Y55","Q60","COUNCIL OFFICES","WOLVERHAMPTON ROAD","CODSALL","WOLVERHAMPTON","WEST MIDLANDS","WV8 1PX","20040401","","","D","","","","","","","","0","","","","",""
"331","SPELTHORNE BOROUGH COUNCIL","Y57","Q68","COUNCIL OFFICES","KNOWLE GREEN","","STAINES-UPON-THAMES","MIDDLESEX","TW18 1XB","20040401","","","B","","","","","","","","0","","","","",""
"332","ST ALBANS CITY & DISTRICT COUNCIL","Y55","Q58","CIVIC CENTRE","ST. PETERS STREET","","ST. ALBANS","HERTFORDSHIRE","AL1 3JE","20040401","","","D","","","","","","","","0","","","","",""
"333","ST EDMUNDSBURY BOROUGH COUNCIL","Y55","Q56","WEST SUFFOLK HOUSE","WESTERN WAY","","BURY ST. EDMUNDS","SUFFOLK","IP33 3YU","20040401","","","B","","","","","","","","0","","","","",""
"334","STAFFORD BOROUGH COUNCIL","Y55","Q60","CIVIC CENTRE","RIVERSIDE","","STAFFORD","STAFFORDSHIRE","ST16 3AQ","20040401","","","B","","","","","","","","0","","","","",""
"335","STAFFORDSHIRE MOORLANDS DISTRICT COUNCIL","Y55","Q60","MOORLANDS HOUSE","STOCKWELL STREET","","LEEK","STAFFORDSHIRE","ST13 6HQ","20040401","","","D","","","","","","","","0","","","","",""
"336","STEVENAGE BOROUGH COUNCIL","Y55","Q58","DANESHILL HOUSE","DANESTRETE","","STEVENAGE","HERTFORDSHIRE","SG1 1HN","20040401","","","B","","","","","","","","0","","","","",""
"337","STRATFORD-ON-AVON DISTRICT COUNCIL","Y55","Q53","ELIZABETH HOUSE","CHURCH STREET","","STRATFORD-UPON-AVON","WARWICKSHIRE","CV37 6HX","20040401","","","D","","","","","","","","0","","","","",""
"338","STROUD DISTRICT COUNCIL","Y57","Q64","EBLEY MILL","EBLEY WHARF","","STROUD","GLOUCESTERSHIRE","GL5 4UB","20040401","","","D","","","","","","","","0","","","","",""
"339","SUFFOLK COASTAL DISTRICT COUNCIL","Y55","Q56","MELTON HILL","","","WOODBRIDGE","SUFFOLK","IP12 1AU","20040401","","","D","","","","","","","","0","","","","",""
"340","SURREY HEATH BOROUGH COUNCIL","Y57","Q68","SURREY HEATH HOUSE","KNOLL ROAD","","CAMBERLEY","SURREY","GU15 3HD","20040401","","","B","","","","","","","","0","","","","",""
"341","SWALE BOROUGH COUNCIL","Y57","Q67","SWALE HOUSE","EAST STREET","","SITTINGBOURNE","KENT","ME10 3HT","20040401","","","B","","","","","","","","0","","","","",""
"343","TAMWORTH BOROUGH COUNCIL","Y55","Q60","MARMION HOUSE","LICHFIELD STREET","","TAMWORTH","STAFFORDSHIRE","B79 7BZ","20040401","","","B","","","","","","","","0","","","","",""
"344","TANDRIDGE DISTRICT COUNCIL","Y57","Q68","8 STATION ROAD EAST","","","OXTED","SURREY","RH8 0BT","20040401","","","D","","","","","","","","0","","","","",""
"345","TAUNTON DEANE BOROUGH COUNCIL","Y57","Q65","THE DEANE HOUSE","BELVEDERE ROAD","","TAUNTON","SOMERSET","TA1 1HE","20040401","","","B","","","","","","","","0","","","","",""
"346","TEIGNBRIDGE DISTRICT COUNCIL","Y57","Q66","FORDE HOUSE","BRUNEL ROAD","","NEWTON ABBOT","DEVON","TQ12 4XX","20040401","","","D","","","","","","","","0","","","","",""
"347","TENDRING DISTRICT COUNCIL","Y55","Q57","TOWN HALL","STATION ROAD","","CLACTON-ON-SEA","ESSEX","CO15 1SE","20040401","","","D","","","","","","","","0","","","","",""
"348","TEST VALLEY BOROUGH COUNCIL","Y57","Q70","BEECH HURST","WEYHILL ROAD","","ANDOVER","HAMPSHIRE","SP10 3AJ","20040401","","","B","","","","","","","","0","","","","",""
"349","TEWKESBURY BOROUGH COUNCIL","Y57","Q64","COUNCIL OFFICES","GLOUCESTER ROAD","","TEWKESBURY","GLOUCESTERSHIRE","GL20 5TT","20040401","","","B","","","","","","","","0","","","","",""
"350","THANET DISTRICT COUNCIL","Y57","Q67","PO BOX 9","","","MARGATE","KENT","CT9 1XZ","20040401","","","D","","","","","","","","0","","","","",""
"351","THREE RIVERS DISTRICT COUNCIL","Y55","Q58","THREE RIVERS HOUSE","NORTHWAY","","RICKMANSWORTH","HERTFORDSHIRE","WD3 1RL","20040401","","","D","","","","","","","","0","","","","",""
"352","TONBRIDGE AND MALLING BOROUGH COUNCIL","Y57","Q67","GIBSON DRIVE","KINGS HILL","","WEST MALLING","KENT","ME19 4LZ","20040401","","","B","","","","","","","","0","","","","",""
"354","TORRIDGE DISTRICT COUNCIL","Y57","Q66","RIVERBANK HOUSE","","","BIDEFORD","DEVON","EX39 2QG","20040401","","","D","","","","","","","","0","","","","",""
"355","TUNBRIDGE WELLS BOROUGH COUNCIL","Y57","Q67","TOWN HALL","MOUNT PLEASANT ROAD","","TUNBRIDGE WELLS","KENT","TN1 1RS","20040401","","","B","","","","","","","","0","","","","",""
"356","UTTLESFORD DISTRICT COUNCIL","Y55","Q57","COUNCIL OFFICES","LONDON ROAD","","SAFFRON WALDEN","ESSEX","CB11 4ER","20040401","","","D","","","","","","","","0","","","","",""
"358","VALE OF WHITE HORSE DISTRICT COUNCIL","Y57","Q69","ABBEY HOUSE","ABBEY CLOSE","","ABINGDON","OXFORDSHIRE","OX14 3JE","20040401","","","D","","","","","","","","0","","","","",""
"359","WARWICK DISTRICT COUNCIL","Y55","Q53","RIVERSIDE HOUSE","MILVERTON HILL","","LEAMINGTON SPA","WARWICKSHIRE","CV32 5HZ","20040401","","","D","","","","","","","","0","","","","",""
"360","WATFORD BOROUGH COUNCIL","Y55","Q58","TOWN HALL","HEMPSTEAD ROAD","","WATFORD","HERTFORDSHIRE","WD17 3EX","20040401","","","B","","","","","","","","0","","","","",""
"361","WAVENEY DISTRICT COUNCIL","Y55","Q56","TOWN HALL","HIGH STREET","","LOWESTOFT","SUFFOLK","NR32 1HS","20040401","","","D","","","","","","","","0","","","","",""
"362","WAVERLEY BOROUGH COUNCIL","Y57","Q68","THE BURYS","","","GODALMING","SURREY","GU7 1HR","20040401","","","B","","","","","","","","0","","","","",""
"363","WEALDEN DISTRICT COUNCIL","Y57","Q68","COUNCIL OFFICES","VICARAGE LANE","","HAILSHAM","EAST SUSSEX","BN27 2AX","20040401","","","D","","","","","","","","0","","","","",""
"364","WELLINGBOROUGH BOROUGH COUNCIL","Y55","Q58","COUNCIL OFFICES","SWANSPOOL HOUSE","DODDINGTON ROAD","WELLINGBOROUGH","NORTHAMPTONSHIRE","NN8 1BP","20040401","","","B","","","","","","","","0","","","","",""
"365","WELWYN HATFIELD COUNCIL","Y55","Q58","COUNCIL OFFICES","THE CAMPUS","","WELWYN GARDEN CITY","HERTFORDSHIRE","AL8 6AE","20040401","","","D","","","","","","","","0","","","","",""
"366","WEST DEVON BOROUGH COUNCIL","Y57","Q66","KILWORTHY PARK","","","TAVISTOCK","DEVON","PL19 0BZ","20040401","","","B","","","","","","","","0","","","","",""
"367","WEST DORSET DISTRICT COUNCIL","Y57","Q70","SOUTH WALKS HOUSE","SOUTH WALKS ROAD","","DORCHESTER","DORSET","DT1 1UZ","20040401","","","D","","","","","","","","0","","","","",""
"368","WEST LANCASHIRE DISTRICT COUNCIL","Y54","Q47","52 DERBY STREET","","","ORMSKIRK","LANCASHIRE","L39 2DF","20040401","","","D","","","","","","","","0","","","","",""
"369","WEST LINDSEY DISTRICT COUNCIL","Y55","Q59","THE GUILDHALL","MARSHALLS YARD","","GAINSBOROUGH","LINCOLNSHIRE","DN21 2NA","20040401","","","D","","","","","","","","0","","","","",""
"370","WEST OXFORDSHIRE DISTRICT COUNCIL","Y57","Q69","3 WELCH WAY","","","WITNEY","OXFORDSHIRE","OX28 6JH","20040401","","","D","","","","","","","","0","","","","",""
"371","WEST SOMERSET DISTRICT COUNCIL","Y57","Q65","KILLICK WAY","WILLITON","","TAUNTON","SOMERSET","TA4 4QA","20040401","","","D","","","","","","","","0","","","","",""
"372","WEYMOUTH & PORTLAND BOROUGH COUNCIL","Y57","Q70","COUNCIL OFFICES","NORTH QUAY","","WEYMOUTH","DORSET","DT4 8TA","20040401","","","B","","","","","","","","0","","","","",""
"373","WINCHESTER CITY COUNCIL","Y57","Q70","CITY OFFICES","COLEBROOK STREET","","WINCHESTER","HAMPSHIRE","SO23 9LJ","20040401","","","C","","","","","","","","0","","","","",""
"374","WOKING BOROUGH COUNCIL","Y57","Q68","CIVIC OFFICES","GLOUCESTER SQUARE","","WOKING","SURREY","GU21 6YL","20040401","","","B","","","","","","","","0","","","","",""
"375","WORCESTER CITY COUNCIL","Y55","Q53","ORCHARD HOUSE","FARRIER STREET","","WORCESTER","WORCESTERSHIRE","WR1 3BB","20040401","","","C","","","","","","","","0","","","","",""
"376","WORTHING BOROUGH COUNCIL","Y57","Q68","TOWN HALL","CHAPEL ROAD","","WORTHING","WEST SUSSEX","BN11 1HA","20040401","","","B","","","","","","","","0","","","","",""
"378","WYCHAVON DISTRICT COUNCIL","Y55","Q53","CIVIC CENTRE","QUEEN ELIZABETH DRIVE","","PERSHORE","WORCESTERSHIRE","WR10 1PT","20040401","","","D","","","","","","","","0","","","","",""
"379","WYCOMBE DISTRICT COUNCIL","Y57","Q69","QUEEN VICTORIA ROAD","","","HIGH WYCOMBE","BUCKINGHAMSHIRE","HP11 1BB","20040401","","","D","","","","","","","","0","","","","",""
"380","WYRE BOROUGH COUNCIL","Y54","Q47","CIVIC CENTRE","BRECK ROAD","","POULTON-LE-FYLDE","LANCASHIRE","FY6 7PU","20040401","","","B","","","","","","","","0","","","","",""
"381","WYRE FOREST DISTRICT COUNCIL","Y55","Q53","WYRE FOREST HOUSE","FINEPOINT WAY","","KIDDERMINSTER","WORCESTERSHIRE","DY11 7WF","20040401","","","D","","","","","","","","0","","","","",""
"382","SOUTH NORTHAMPTONSHIRE DISTRICT COUNCIL","Y55","Q58","SPRINGFIELDS","","","TOWCESTER","NORTHAMPTONSHIRE","NN12 6AE","20040401","","","D","","","","","","","","0","","","","",""
"383","SOUTH OXFORDSHIRE DISTRICT COUNCIL","Y57","Q69","BENSON LANE","CROWMARSH GIFFORD","","WALLINGFORD","OXFORDSHIRE","OX10 8NQ","20040401","","","D","","","","","","","","0","","","","",""
"404","WARWICKSHIRE COUNTY COUNCIL","Y55","Q53","SHIRE HALL","16 OLD SQUARE","","WARWICK","WARWICKSHIRE","CV34 4RA","19800101","","","A","","","","","","","","0","","","","",""
"406","BIRMINGHAM CITY COUNCIL","Y55","Q54","THE COUNCIL HOUSE","VICTORIA SQUARE","","BIRMINGHAM","WEST MIDLANDS","B1 1BB","19800101","","","E","","","","","","","","0","","","","",""
"407","COVENTRY CITY COUNCIL","Y55","Q53","COUNCIL HOUSE","EARL STREET","","COVENTRY","WEST MIDLANDS","CV1 5RR","19800101","","","E","","","","","","","","0","","","","",""
"408","DUDLEY METROPOLITAN BOROUGH COUNCIL","Y55","Q54","COUNCIL HOUSE","PRIORY ROAD","","DUDLEY","WEST MIDLANDS","DY1 1HF","19800101","","","E","","","","","","","","0","","","","",""
"409","SANDWELL METROPOLITAN BOROUGH COUNCIL","Y55","Q54","SANDWELL COUNCIL HOUSE","","","OLDBURY","WEST MIDLANDS","B69 3DE","19800101","","","E","","","","","","","","0","","","","",""
"410","SOLIHULL METROPOLITAN BOROUGH COUNCIL","Y55","Q54","PO BOX 18","COUNCIL HOUSE","","SOLIHULL","WEST MIDLANDS","B91 9QS","19800101","","","E","","","","","","","","0","","","","",""
"411","WALSALL METROPOLITAN BOROUGH COUNCIL","Y55","Q54","CIVIC CENTRE","","","WALSALL","WEST MIDLANDS","WS1 1TP","19800101","","","E","","","","","","","","0","","","","",""
"412","WOLVERHAMPTON CITY COUNCIL","Y55","Q54","CIVIC CENTRE","ST. PETERS SQUARE","","WOLVERHAMPTON","WEST MIDLANDS","WV1 1SH","19800101","","","E","","","","","","","","0","","","","",""
"413","STAFFORDSHIRE COUNTY COUNCIL","Y55","Q60","1 STAFFORDSHIRE PLACE","","","STAFFORD","STAFFORDSHIRE","ST16 2LP","19970401","","","A","","","","","","","","0","","","","",""
"414","STOKE-ON-TRENT CITY COUNCIL","Y55","Q60","CIVIC CENTRE","GLEBE STREET","","STOKE-ON-TRENT","STAFFORDSHIRE","ST4 1RN","19970401","","","H","","","","","","","","0","","","","",""
"415","HEREFORDSHIRE COUNCIL","Y55","Q53","PLOUGH LANE","","","HEREFORD","HEREFORDSHIRE","HR4 0XH","19980401","","","H","","","","","","","","1","","","","",""
"416","WORCESTERSHIRE COUNTY COUNCIL","Y55","Q53","COUNTY HALL","SPETCHLEY ROAD","","WORCESTER","WORCESTERSHIRE","WR5 2NP","19980401","","","A","","","","","","","","0","","","","",""
"417","SHROPSHIRE COUNCIL","Y55","Q60","SHIREHALL","ABBEY FOREGATE","","SHREWSBURY","SHROPSHIRE","SY2 6ND","19980401","","","H","","","","","","","","0","","","","",""
"418","TELFORD AND WREKIN COUNCIL (UNITARY)","Y55","Q60","PO BOX 213","CIVIC OFFICES","","TELFORD","SHROPSHIRE","TF3 4LD","19980401","","","H","","","","","","","","0","","","","",""
"503","LINCOLNSHIRE COUNTY COUNCIL","Y55","Q59","COUNTY OFFICES","NEWLAND","","LINCOLN","LINCOLNSHIRE","LN1 1YL","19800101","","","A","","","","","","","","0","","","","",""
"504","NORTHAMPTONSHIRE COUNTY COUNCIL","Y55","Q58","JOHN DRYDEN HOUSE","8-10 THE LAKES","","NORTHAMPTON","NORTHAMPTONSHIRE","NN4 7YD","19800101","","","A","","","","","","","","0","","","","",""
"506","DERBYSHIRE COUNTY COUNCIL","Y55","Q55","COUNTY HALL","","","MATLOCK","DERBYSHIRE","DE4 3AG","19970401","","","A","","","","","","","","0","","","","",""
"507","DERBY CITY COUNCIL","Y55","Q55","COUNCIL HOUSE","CORPORATION STREET","","DERBY","DERBYSHIRE","DE1 2FS","19970401","","","H","","","","","","","","0","","","","",""
"508","LEICESTERSHIRE COUNTY COUNCIL","Y55","Q59","COUNTY HALL","LEICESTER ROAD","GLENFIELD","LEICESTER","LEICESTERSHIRE","LE3 8RA","19970401","","","A","","","","","","","","0","","","","",""
"509","LEICESTER CITY COUNCIL","Y55","Q59","CITY HALL","115 CHARLES STREET","","LEICESTER","LEICESTERSHIRE","LE1 1FZ","19970401","","","H","","","","","","","","1","","","","",""
"510","RUTLAND COUNTY COUNCIL","Y55","Q59","CATMOSE HOUSE","CATMOS STREET","","OAKHAM","RUTLAND","LE15 6HP","19970401","","","H","","","","","","","","0","","","","",""
"511","NOTTINGHAMSHIRE COUNTY COUNCIL","Y55","Q55","COUNTY HALL","WEST BRIDGFORD","","NOTTINGHAM","NOTTINGHAMSHIRE","NG2 7QP","19980401","","","A","","","","","","","","0","","","","",""
"512","NOTTINGHAM CITY COUNCIL","Y55","Q55","LOXLEY HOUSE","STATION STREET","","NOTTINGHAM","NOTTINGHAMSHIRE","NG2 3NG","19980401","","","H","","","","","","","","0","","","","",""
"606","HERTFORDSHIRE COUNTY COUNCIL","Y55","Q58","COUNTY HALL","PEGS LANE","","HERTFORD","HERTFORDSHIRE","SG13 8DQ","19800101","","","A","","","","","","","","0","","","","",""
"607","NORFOLK COUNTY COUNCIL","Y55","Q56","COUNTY HALL","MARTINEAU LANE","","NORWICH","NORFOLK","NR1 2DH","19800101","","","A","","","","","","","","0","","","","",""
"608","OXFORDSHIRE COUNTY COUNCIL","Y57","Q69","COUNTY HALL","NEW ROAD","","OXFORD","OXFORDSHIRE","OX1 1ND","19800101","","","A","","","","","","","","0","","","","",""
"609","SUFFOLK COUNTY COUNCIL","Y55","Q56","ENDEAVOUR HOUSE","RUSSELL ROAD","","IPSWICH","SUFFOLK","IP1 2BX","19800101","","","A","","","","","","","","0","","","","",""
"611","LUTON BOROUGH COUNCIL","Y55","Q58","TOWN HALL","GEORGE STREET","","LUTON","BEDFORDSHIRE","LU1 2BQ","19970401","","","H","","","","","","","","0","","","","",""
"612","BUCKINGHAMSHIRE COUNTY COUNCIL","Y57","Q69","COUNTY HALL","WALTON STREET","","AYLESBURY","BUCKINGHAMSHIRE","HP20 1UA","19970401","","","A","","","","","","","","0","","","","",""
"613","MILTON KEYNES COUNCIL","Y55","Q58","CIVIC OFFICES","1 SAXON GATE EAST","","MILTON KEYNES","BUCKINGHAMSHIRE","MK9 3EJ","19970401","","","H","","","","","","","","0","","","","",""
"614","BRACKNELL FOREST BOROUGH COUNCIL","Y57","Q69","EASTHAMPSTEAD HOUSE","TOWN SQUARE","","BRACKNELL","BERKSHIRE","RG12 1AQ","19980401","","","H","","","","","","","","0","","","","",""
"615","WEST BERKSHIRE DISTRICT COUNCIL","Y57","Q69","MARKET STREET","","","NEWBURY","BERKSHIRE","RG14 5LD","19980401","","","H","","","","","","","","0","","","","",""
"616","READING BOROUGH COUNCIL","Y57","Q69","CIVIC CENTRE","CASTLE STREET","","READING","BERKSHIRE","RG1 7AE","19980401","","","H","","","","","","","","0","","","","",""
"617","SLOUGH BOROUGH COUNCIL","Y57","Q69","LANDMARK PLACE","HIGH STREET","","SLOUGH","BERKSHIRE","SL1 1JL","19980401","","","H","","","","","","","","0","","","","",""
"618","ROYAL BOROUGH OF WINDSOR & MAIDENHEAD","Y57","Q69","TOWN HALL","ST. IVES ROAD","","MAIDENHEAD","BERKSHIRE","SL6 1RF","19980401","","","H","","","","","","","","0","","","","",""
"619","WOKINGHAM BOROUGH COUNCIL","Y57","Q69","CIVIC OFFICES","SHUTE END","","WOKINGHAM","BERKSHIRE","RG40 1BN","19980401","","","H","","","","","","","","0","","","","",""
"620","ESSEX COUNTY COUNCIL","Y55","Q57","COUNTY HALL","MARKET ROAD","","CHELMSFORD","ESSEX","CM1 1QH","19980401","","","A","","","","","","","","0","","","","",""
"621","SOUTHEND-ON-SEA BOROUGH COUNCIL","Y55","Q57","CIVIC CENTRE","VICTORIA AVENUE","","SOUTHEND-ON-SEA","ESSEX","SS2 6EN","19980401","","","H","","","","","","","","0","","","","",""
"622","THURROCK COUNCIL","Y55","Q57","CIVIC OFFICES","NEW ROAD","","GRAYS","ESSEX","RM17 6SL","19980401","","","H","","","","","","","","0","","","","",""
"623","CAMBRIDGESHIRE COUNTY COUNCIL","Y55","Q56","SHIRE HALL","CASTLE HILL","","CAMBRIDGE","CAMBRIDGESHIRE","CB3 0AP","19980401","","","A","","","","","","","","0","","","","",""
"624","PETERBOROUGH CITY COUNCIL","Y55","Q56","TOWN HALL","BRIDGE STREET","","PETERBOROUGH","CAMBRIDGESHIRE","PE1 1HF","19980401","","","H","","","","","","","","0","","","","",""
"625","BEDFORD BOROUGH COUNCIL","Y55","Q58","BOROUGH HALL","CAULDWELL STREET","","BEDFORD","BEDFORDSHIRE","MK42 9AP","20040401","","","H","","","","","","","","0","","","","",""
"626","CENTRAL BEDFORDSHIRE COUNCIL","Y55","Q58","PRIORY HOUSE","MONKS WALK","CHICKSANDS","SHEFFORD","BEDFORDSHIRE","SG17 5TQ","20090401","","","H","","","","","","","","0","","","","",""
"702","LONDON BOROUGH OF CAMDEN","Y56","Q71","TOWN HALL","ARGYLE STREET","","LONDON","GREATER LONDON","WC1H 8NJ","19800101","","","J","","","","","","","","0","","","","",""
"703","LONDON BOROUGH OF GREENWICH","Y56","Q71","THE WOOLWICH CENTRE","35 WELLINGTON STREET","","LONDON","GREATER LONDON","SE18 6HQ","19800101","","","J","","","","","","","","0","","","","",""
"704","LONDON BOROUGH OF HACKNEY","Y56","Q71","HACKNEY SERVICE CENTRE","1 HILLMAN STREET","","LONDON","GREATER LONDON","E8 1DY","19800101","","","J","","","","","","","","0","","","","",""
"705","LONDON BOROUGH OF HAMMERSMITH AND FULHAM","Y56","Q71","TOWN HALL","KING STREET","","LONDON","GREATER LONDON","W6 9JU","19800101","","","J","","","","","","","","0","","","","",""
"706","LONDON BOROUGH OF ISLINGTON","Y56","Q71","222 UPPER STREET","ISLINGTON","","LONDON","GREATER LONDON","N1 1XR","19800101","","","J","","","","","","","","0","","","","",""
"707","ROYAL BOROUGH OF KENSINGTON AND CHELSEA","Y56","Q71","TOWN HALL","HORNTON STREET","","LONDON","GREATER LONDON","W8 7NX","19800101","","","J","","","","","","","","0","","","","",""
"708","LONDON BOROUGH OF LAMBETH COUNCIL","Y56","Q71","TOWN HALL","BRIXTON HILL","LAMBETH","LONDON","GREATER LONDON","SW2 1RW","19800101","","","J","","","","","","","","0","","","","",""
"709","LONDON BOROUGH OF LEWISHAM COUNCIL","Y56","Q71","TOWN HALL","CATFORD","","LONDON","GREATER LONDON","SE6 4RU","19800101","","","J","","","","","","","","0","","","","",""
"710","LONDON BOROUGH OF SOUTHWARK COUNCIL","Y56","Q71","SOUTHWARK COUNCIL","PO BOX 64529","","LONDON","GREATER LONDON","SE1P 5LX","19800101","","","J","","","","","","","","0","","","","",""
"711","LONDON BOROUGH OF TOWER HAMLETS COUNCIL","Y56","Q71","TOWN HALL","MULBERRY PLACE","5 CLOVE CRESCENT","LONDON","GREATER LONDON","E14 2BG","19800101","","","J","","","","","","","","0","","","","",""
"712","LONDON BOROUGH OF WANDSWORTH","Y56","Q71","TOWN HALL","WANDSWORTH HIGH STREET","","LONDON","GREATER LONDON","SW18 2PU","19800101","","","J","","","","","","","","0","","","","",""
"713","WESTMINSTER CITY COUNCIL","Y56","Q71","PO BOX 240","WESTMINSTER CITY HALL","64 VICTORIA STREET","LONDON","GREATER LONDON","SW1E 6QP","19800101","","","J","","","","","","","","0","","","","",""
"714","CORPORATION OF THE CITY OF LONDON","Y56","Q71","PO BOX 270","GUILDHALL","","LONDON","GREATER LONDON","EC2P 2EJ","19800101","","","J","","","","","","","","0","","","","",""
"716","LONDON BOROUGH OF BARKING AND DAGENHAM","Y56","Q71","CIVIC CENTRE","","","DAGENHAM","ESSEX","RM10 7BN","19800101","","","J","","","","","","","","0","","","","",""
"717","LONDON BOROUGH OF BARNET","Y56","Q71","NORTH LONDON BUSINESS PARK","OAKLEIGH ROAD SOUTH","","LONDON","GREATER LONDON","N11 1NP","19800101","","","J","","","","","","","","0","","","","",""
"718","LONDON BOROUGH OF BEXLEY","Y56","Q71","BEXLEY CIVIC OFFICES","BROADWAY","","BEXLEYHEATH","KENT","DA6 7LB","19800101","","","J","","","","","","","","0","","","","",""
"719","LONDON BOROUGH OF BRENT","Y56","Q71","TOWN HALL","FORTY LANE","","WEMBLEY","MIDDLESEX","HA9 9HD","19800101","","","J","","","","","","","","0","","","","",""
"720","LONDON BOROUGH OF BROMLEY","Y56","Q71","CIVIC CENTRE","STOCKWELL CLOSE","","BROMLEY","KENT","BR1 3UH","19800101","","","J","","","","","","","","0","","","","",""
"721","LONDON BOROUGH OF CROYDON","Y56","Q71","TABERNER HOUSE","PARK LANE","","CROYDON","SURREY","CR9 3JS","19800101","","","J","","","","","","","","0","","","","",""
"722","LONDON BOROUGH OF EALING","Y56","Q71","PERCEVAL HOUSE","14-16 UXBRIDGE ROAD","EALING","LONDON","GREATER LONDON","W5 2HL","19800101","","","J","","","","","","","","0","","","","",""
"723","LONDON BOROUGH OF ENFIELD","Y56","Q71","TOWN HALL","CATFORD","","ENFIELD","MIDDLESEX","EN1 3XY","19800101","","","J","","","","","","","","0","","","","",""
"724","LONDON BOROUGH OF HARINGEY","Y56","Q71","CIVIC CENTRE","HIGH ROAD","WOOD GREEN","LONDON","GREATER LONDON","N22 8LE","19800101","","","J","","","","","","","","0","","","","",""
"725","LONDON BOROUGH OF HARROW","Y56","Q71","CIVIC CENTRE","STATION ROAD","","HARROW","MIDDLESEX","HA1 2XF","19800101","","","J","","","","","","","","0","","","","",""
"726","LONDON BOROUGH OF HAVERING","Y56","Q71","TOWN HALL","MAIN ROAD","","ROMFORD","ESSEX","RM1 3BB","19800101","","","J","","","","","","","","0","","","","",""
"727","LONDON BOROUGH OF HILLINGDON","Y56","Q71","CIVIC CENTRE","HIGH STREET","","UXBRIDGE","MIDDLESEX","UB8 1UW","19800101","","","J","","","","","","","","0","","","","",""
"728","LONDON BOROUGH OF HOUNSLOW","Y56","Q71","CIVIC CENTRE","LAMPTON ROAD","","HOUNSLOW","MIDDLESEX","TW3 4DN","19800101","","","J","","","","","","","","0","","","","",""
"729","ROYAL BOROUGH OF KINGSTON-UPON-THAMES COUNCIL","Y56","Q71","GUILDHALL","HIGH STREET","","KINGSTON UPON THAMES","SURREY","KT1 1EU","19800101","","","J","","","","","","","","0","","","","",""
"730","LONDON BOROUGH OF MERTON COUNCIL","Y56","Q71","MERTON CIVIC CENTRE","LONDON ROAD","","MORDEN","SURREY","SM4 5DX","19800101","","","J","","","","","","","","0","","","","",""
"731","LONDON BOROUGH OF NEWHAM COUNCIL","Y56","Q71","NEWHAM DOCKSIDE","1000 DOCKSIDE ROAD","","LONDON","GREATER LONDON","E16 2QU","19800101","","","J","","","","","","","","0","","","","",""
"732","LONDON BOROUGH OF REDBRIDGE COUNCIL","Y56","Q71","TOWN HALL","PO BOX 2","128-142 HIGH ROAD","ILFORD","ESSEX","IG1 1DD","19800101","","","J","","","","","","","","0","","","","",""
"733","LONDON BOROUGH OF RICHMOND UPON THAMES COUNCIL","Y56","Q71","CIVIC CENTRE","44 YORK STREET","","TWICKENHAM","MIDDLESEX","TW1 3BZ","19800101","","","J","","","","","","","","0","","","","",""
"734","LONDON BOROUGH OF SUTTON COUNCIL","Y56","Q71","CIVIC OFFICES","ST. NICHOLAS WAY","","SUTTON","SURREY","SM1 1EA","19800101","","","J","","","","","","","","0","","","","",""
"735","LONDON BOROUGH OF WALTHAM FOREST COUNCIL","Y56","Q71","TOWN HALL","FOREST ROAD","","LONDON","GREATER LONDON","E17 4JF","19800101","","","J","","","","","","","","0","","","","",""
"803","ISLE OF WIGHT COUNCIL","Y57","Q70","COUNTY HALL","HIGH STREET","","NEWPORT","ISLE OF WIGHT","PO30 1UD","19800101","","","H","","","","","","","","0","","","","",""
"805","SURREY COUNTY COUNCIL","Y56","Q71","COUNTY HALL","PENRHYN ROAD","","KINGSTON UPON THAMES","SURREY","KT1 2DW","19800101","","","A","","","","","","","","0","","","","",""
"807","WEST SUSSEX COUNTY COUNCIL","Y57","Q68","COUNTY HALL","WEST STREET","","CHICHESTER","WEST SUSSEX","PO19 1RQ","19800101","","","A","","","","","","","","0","","","","",""
"809","DORSET COUNTY COUNCIL","Y57","Q70","COUNTY HALL","COLLITON PARK","","DORCHESTER","DORSET","DT1 1XJ","19970401","","","A","","","","","","","","0","","","","",""
"810","BOURNEMOUTH BOROUGH COUNCIL","Y57","Q70","TOWN HALL","","","BOURNEMOUTH","DORSET","BH2 6DY","19970401","","","H","","","","","","","","0","","","","",""
"811","BOROUGH OF POOLE COUNCIL","Y57","Q70","MUNICIPAL BUILDINGS","CIVIC CENTRE","","POOLE","DORSET","BH15 2RU","19970401","","","H","","","","","","","","0","","","","",""
"812","HAMPSHIRE COUNTY COUNCIL","Y57","Q70","THE CASTLE","CASTLE AVENUE","","WINCHESTER","HAMPSHIRE","SO23 8UJ","19970401","","","A","","","","","","","","0","","","","",""
"813","PORTSMOUTH CITY COUNCIL","Y57","Q70","CIVIC OFFICES","GUILDHALL SQUARE","","PORTSMOUTH","HAMPSHIRE","PO1 2BG","19970401","","","H","","","","","","","","0","","","","",""
"814","SOUTHAMPTON CITY COUNCIL","Y57","Q70","CIVIC CENTRE","","","SOUTHAMPTON","HAMPSHIRE","SO14 7LY","19970401","","","H","","","","","","","","0","","","","",""
"815","EAST SUSSEX COUNTY COUNCIL","Y57","Q68","COUNTY HALL","ST. ANNES CRESCENT","","LEWES","EAST SUSSEX","BN7 1UE","19970401","","","A","","","","","","","","0","","","","",""
"816","BRIGHTON & HOVE CITY COUNCIL","Y57","Q68","KINGS HOUSE","GRAND AVENUE","","HOVE","EAST SUSSEX","BN3 2LS","19970401","","","H","","","","","","","","0","","","","",""
"817","WILTSHIRE COUNCIL","Y57","Q64","COUNTY HALL","BYTHESEA ROAD","","TROWBRIDGE","WILTSHIRE","BA14 8JN","19970401","","","H","","","","","","","","0","","","","",""
"819","SWINDON BOROUGH COUNCIL (UNITARY)","Y57","Q64","CIVIC OFFICES","EUCLID STREET","","SWINDON","WILTSHIRE","SN1 2JH","19970401","","","H","","","","","","","","0","","","","",""
"820","KENT COUNTY COUNCIL","Y57","Q67","COUNTY HALL","COUNTY ROAD","","MAIDSTONE","KENT","ME14 1XQ","19980401","","","A","","","","","","","","0","","","","",""
"821","MEDWAY COUNCIL","Y57","Q67","GUN WHARF","DOCK ROAD","","CHATHAM","KENT","ME4 4TR","19980401","","","H","","","","","","","","0","","","","",""
"902","CORNWALL COUNCIL","Y57","Q66","COUNTY HALL","","","TRURO","CORNWALL","TR1 3AY","19800101","","","H","","","","","","","","0","","","","",""
"904","GLOUCESTERSHIRE COUNTY COUNCIL","Y57","Q64","SHIRE HALL","WESTGATE STREET","","GLOUCESTER","GLOUCESTERSHIRE","GL1 2TG","19800101","","","A","","","","","","","","0","","","","",""
"905","SOMERSET COUNTY COUNCIL","Y57","Q65","COUNTY HALL","","","TAUNTON","SOMERSET","TA1 4DY","19800101","","","A","","","","","","","","0","","","","",""
"906","THE COUNCIL OF THE ISLES OF SCILLY","Y57","Q66","TOWN HALL","","","ST MARYS","ISLES OF SCILLY","TR21 0LW","19800101","","","H","","","","","","","","0","","","","",""
"908","BATH AND NORTH EAST SOMERSET COUNCIL","Y57","Q64","GUILDHALL","HIGH STREET","","BATH","AVON","BA1 5AW","19960401","","","H","","","","","","","","0","","","","",""
"909","BRISTOL CITY COUNCIL","Y57","Q65","CITY HALL","COLLEGE GREEN","","BRISTOL","AVON","BS1 5TR","19960401","","","H","","","","","","","","0","","","","",""
"910","NORTH SOMERSET DISTRICT COUNCIL","Y57","Q65","TOWN HALL","WALLISCOTE GROVE ROAD","","WESTON-SUPER-MARE","AVON","BS23 1UJ","19960401","","","H","","","","","","","","0","","","","",""
"911","SOUTH GLOUCESTERSHIRE COUNCIL","Y57","Q65","THE COUNCIL OFFICES","CASTLE STREET","THORNBURY","BRISTOL","AVON","BS35 1HF","19960401","","","H","","","","","","","","0","","","","",""
"912","DEVON COUNTY COUNCIL","Y57","Q66","COUNTY HALL","TOPSHAM ROAD","","EXETER","DEVON","EX2 4QD","19980401","","","A","","","","","","","","0","","","","",""
"913","PLYMOUTH CITY COUNCIL","Y57","Q66","CIVIC CENTRE","ARMADA WAY","","PLYMOUTH","DEVON","PL1 2AA","19980401","","","H","","","","","","","","0","","","","",""
"914","TORBAY COUNCIL","Y57","Q66","TOWN HALL","CASTLE CIRCUS","","TORQUAY","DEVON","TQ1 3DR","19980401","","","H","","","","","","","","0","","","","",""
