"8A101","ST LUKE'S HOSPICE (SHEFFIELD)","Y54","Q51","LITTLE COMMON LANE","","","SHEFFIELD","SOUTH YORKSHIRE","S11 9NE","19960401","","","H","","","","","","","","0","","","","",""
"8A260","ST BARNABAS LINCOLNSHIRE HOSPICE (IPU)","Y55","Q59","INPATIENT UNIT","36 NETTLEHAM ROAD","","LINCOLN","LINCOLNSHIRE","LN2 1RE","19960401","","","H","","","","","","","","0","","","","",""
"8A274","ST BARNABAS LINCOLNSHIRE HOSPICE (SUTTON ON SEA)","Y55","Q59","SUTTON ON SEA HOSPICE","TENNYSON LODGE","TRUSTHORPE ROAD","SUTTON-ON-SEA","LINCOLNSHIRE","LN12 2LL","19960401","20141031","","H","","","","","","","","0","","","","",""
"8A323","ST BARNABAS LINCOLNSHIRE HOSPICE (BOSTON)","Y55","Q59","BOSTON HOSPICE","MAYFLOER LODGE","GREEN LANE (OFF RED CAP LANE)","BOSTON","LINCOLNSHIRE","PE21 9NB","19960401","","","H","","","","","","","","0","","","","",""
"8A340","EAST ANGLIA'S CHILDREN'S HOSPICES","Y55","Q56","CHURCH LANE","MILTON","","CAMBRIDGE","CAMBRIDGESHIRE","CB24 6AB","19960401","","","H","","","","","","","","0","","","","",""
"8A372","SUE RYDER CARE","Y55","Q56","THORPE HALL HOSPICE","THORPE ROAD","","PETERBOROUGH","CAMBRIDGESHIRE","PE3 6LW","19960401","","","H","","","","","","","","0","","","","",""
"8A408","ST ELIZABETH HOSPICE","Y55","Q56","565 FOXHALL ROAD","","","IPSWICH","SUFFOLK","IP3 8LX","19960401","","","H","","","","","","","","0","","","","",""
"8A438","ST NICHOLAS HOSPICE","Y55","Q56","MACMILLAN WAY","HARDWICK LANE","","BURY ST. EDMUNDS","SUFFOLK","IP33 2QY","19960401","","","H","","","","","","","","0","","","","",""
"8A490","QUIDENHAM CHILDRENS HOSPICE","Y55","Q56","MONASTERY HOUSE","QUIDENHAM","","NORWICH","NORFOLK","NR16 2PH","19960401","","","H","","","","","","","","0","","","","",""
"8A521","ST JOHNS HOSPICE","Y55","Q58","SUE RYDER HOME","ST. JOHNS ROAD","MOGGERHANGER","BEDFORD","BEDFORDSHIRE","MK44 3RJ","19960401","","","H","","","","","","","","0","","","","",""
"8A537","KEECH HOSPICE","Y55","Q58","THE PASQUE HOSPICE","BRAMINGHAM LANE","","LUTON","BEDFORDSHIRE","LU3 3NT","19960401","","","H","","","","","","","","0","","","","",""
"8A551","HOSPICE OF ST FRANCIS","Y55","Q58","SPRING GARDEN LANE","NORTHCHURCH","","BERKHAMSTED","HERTFORDSHIRE","HP4 3GW","19960401","","","H","","","","","","","","0","","","","",""
"8A601","NORTH LONDON HOSPICE","Y56","Q71","47 WOODSIDE AVENUE","","","LONDON","GREATER LONDON","N12 8TT","19960401","","","H","","","","","","","","0","","","","",""
"8A632","THE GARDEN HOSPICE","Y55","Q58","GILLISON CLOSE","","","LETCHWORTH","HERTFORDSHIRE","SG6 1QU","19960401","","","H","","","","","","","","0","","","","",""
"8A644","ISABEL HOSPICE","Y55","Q58","HEAD OFFICE","61 BRIDGE ROAD EAST","","WELWYN GARDEN CITY","HERTFORDSHIRE","AL7 1JR","19960401","","","H","","","","","","","","0","","","","",""
"8A709","THE LONDON LIGHTHOUSE","Y56","Q71","111-117 LANCASTER ROAD","","","LONDON","GREATER LONDON","W11 1QT","19960401","","","H","","","","","","","","0","","","","",""
"8A743","ST LUKE'S HOSPICE (BASILDON)","Y55","Q57","FOBBING FARM","NETHERMAYNE","","BASILDON","ESSEX","SS16 5NJ","19960401","","","H","","","","","","","","0","","","","",""
"8A752","FARLEIGH (MID ESSEX) HOSPICE","Y55","Q57","NORTH COURT ROAD","BROOMFIELD","","CHELMSFORD","ESSEX","CM1 7FH","19960401","","","H","","","","","","","","0","","","","",""
"8A784","ST HELENA HOSPICE","Y55","Q57","MYLAND HALL","BARNCROFT CLOSE","HIGHWOODS","COLCHESTER","ESSEX","CO4 9JU","19960401","","","H","","","","","","","","0","","","","",""
"8A832","FAIR HAVENS HOSPICE","Y55","Q57","126 CHALKWELL AVENUE","","","WESTCLIFF ON SEA","ESSEX","SS0 8HN","19960401","","","H","","","","","","","","0","","","","",""
"8A861","ST FRANCIS HOSPICE","Y56","Q71","BROXHILL ROAD","HAVERING-ATTE-BOWER","","ROMFORD","ESSEX","RM4 1QH","19960401","","","H","","","","","","","","0","","","","",""
"8A868","MARIE CURIE CENTRE (HAMPSTEAD)","Y56","Q71","11 LYNDHURST GARDENS","","","LONDON","GREATER LONDON","NW3 5NS","19960401","","","H","","","","","","","","0","","","","",""
"8A872","ST JOSEPHS HOSPICE","Y56","Q71","MARE STREET","","","LONDON","GREATER LONDON","E8 4SA","19960401","","","H","","","","","","","","0","","","","",""
"8A934","ST CLARE HOSPICE","Y55","Q57","STONE BARTON","HASTINGWOOD ROAD","HASTINGWOOD","HARLOW","ESSEX","CM17 9JX","19960401","","","H","","","","","","","","0","","","","",""
"8A970","ST CHRISTOPHERS HOSPICE","Y56","Q71","51-59 LAWRIE PARK ROAD","","","LONDON","GREATER LONDON","SE26 6DZ","19960401","","","H","","","","","","","","0","","","","",""
"8AL40","WILLOW BURN HOSPICE","Y54","Q45","HOWDEN BANK, LANCHESTER ROAD","MAIDEN LAW","LANCHESTER","DURHAM","COUNTY DURHAM","DH7 0QS","19960401","","","H","","","","","","","","0","","","","",""
"8AM97","TEESSIDE HOSPICE CARE FOUNDATION","Y54","Q45","1-1A NORTHGATE ROAD","","","MIDDLESBROUGH","CLEVELAND","TS5 5NW","19960401","","","H","","","","","","","","0","","","","",""
"8AN30","ST CLARE'S HOSPICE","Y54","Q49","PRIMROSE TERRACE","","","JARROW","TYNE AND WEAR","NE32 5HA","19960401","","","H","","","","","","","","0","","","","",""
"8AN51","EDEN VALLEY DAY HOSPICE","Y54","Q49","DURDAR ROAD","","","CARLISLE","CUMBRIA","CA2 4SD","19960401","","","H","","","","","","","","0","","","","",""
"8AN60","ST OSWALDS HOSPICE","Y54","Q49","REGENT AVENUE","","","NEWCASTLE UPON TYNE","TYNE AND WEAR","NE3 1EE","19960401","","","H","","","","","","","","0","","","","",""
"8AP18","DOVE HOUSE HOSPICE","Y54","Q50","CHAMBERLAIN ROAD","","","HULL","NORTH HUMBERSIDE","HU8 8DH","19960401","","","H","","","","","","","","0","","","","",""
"8AP52","ST ANDREW'S HOSPICE","Y54","Q50","PEAKS LANE","","","GRIMSBY","SOUTH HUMBERSIDE","DN32 9RP","19960401","","","H","","","","","","","","0","","","","",""
"8AP85","LINDSEY LODGE HOSPICE","Y54","Q50","BURRINGHAM ROAD","","","SCUNTHORPE","SOUTH HUMBERSIDE","DN17 2AA","19960401","","","H","","","","","","","","0","","","","",""
"8AQ18","ST LEONARD'S HOSPICE","Y54","Q50","185 TADCASTER ROAD","DRINGHOUSES","","YORK","NORTH YORKSHIRE","YO24 1GL","19960401","","","H","","","","","","","","0","","","","",""
"8AQ51","ST CATHERINE'S HOSPICE","Y54","Q50","THROXENBY LANE","","","SCARBOROUGH","NORTH YORKSHIRE","YO12 5RE","19960401","","","H","","","","","","","","0","","","","",""
"8AR03","ST MICHAEL'S HOSPICE","Y54","Q50","CRIMPLE HOUSE","HORNBEAM PARK AVENUE","","HARROGATE","NORTH YORKSHIRE","HG2 8QL","19960401","","","H","","","","","","","","0","","","","",""
"8AT18","MANORLANDS SUE RYDER HOSPICE","Y54","Q52","KEIGHLEY ROAD","OXENHOPE","","KEIGHLEY","WEST YORKSHIRE","BD22 9HJ","19960401","","","H","","","","","","","","0","","","","",""
"8AT19","MARIE CURIE HOSPICE (BRADFORD)","Y54","Q52","MAUDSLEY STREET","","","BRADFORD","WEST YORKSHIRE","BD3 9LE","19960401","","","H","","","","","","","","0","","","","",""
"8AT30","OVERGATE HOSPICE","Y54","Q52","30 HULLEN EDGE RD","","","ELLAND","WEST YORKSHIRE","HX5 0QY","19960401","","","H","","","","","","","","0","","","","",""
"8AT59","KIRKWOOD HOSPICE","Y54","Q52","21 ALBANY ROAD","DALTON","","HUDDERSFIELD","WEST YORKSHIRE","HD5 9UY","19960401","","","H","","","","","","","","0","","","","",""
"8AV11","SUE RYDER CARE CENTRE (WHEATFIELDS)","Y54","Q52","WOOD LANE","HEADINGLEY","","LEEDS","WEST YORKSHIRE","LS6 2AE","19960401","","","H","","","","","","","","0","","","","",""
"8AV40","MARTIN HOUSE HOSPICE","Y54","Q52","GROVE ROAD","BOSTON SPA","","WETHERBY","WEST YORKSHIRE","LS23 6TX","19960401","","","H","","","","","","","","0","","","","",""
"8AV47","ST GEMMA'S HOSPICE","Y54","Q52","329 HARROGATE ROAD","","","LEEDS","WEST YORKSHIRE","LS17 6QD","19960401","","","H","","","","","","","","0","","","","",""
"8AV81","WAKEFIELD HOSPICE","Y54","Q52","ABERFORD ROAD","","","WAKEFIELD","WEST YORKSHIRE","WF1 4TS","19960401","","","H","","","","","","","","0","","","","",""
"8AV89","PRINCE OF WALES HOSPICE","Y54","Q52","HALFPENNY LANE","","","PONTEFRACT","WEST YORKSHIRE","WF8 4BG","19960401","","","H","","","","","","","","0","","","","",""
"8AW20","ASHGATE HOSPICE","Y55","Q55","ASHGATE ROAD","OLD BRAMPTON","","CHESTERFIELD","DERBYSHIRE","S42 7JD","19960401","","","H","","","","","","","","0","","","","",""
"8AX27","TREETOPS HOSPICE","Y55","Q55","DERBY ROAD","RISLEY","","DERBY","DERBYSHIRE","DE72 3SS","19960401","","","H","","","","","","","","0","","","","",""
"8AX50","LEICESTERSHIRE AND RUTLAND HOSPICE","Y55","Q59","GROBY ROAD","","","LEICESTER","LEICESTERSHIRE","LE3 9QE","19960401","","","H","","","","","","","","0","","","","",""
"8AY01","RAINBOWS CHILDRENS HOSPICE","Y55","Q59","LARK RISE","","","LOUGHBOROUGH","LEICESTERSHIRE","LE11 2HS","19960401","","","H","","","","","","","","0","","","","",""
"8C010","WESTON HOSPICECARE","Y57","Q65","JACKSON BARSTOW HOUSE","28 THORNBURY ROAD, UPHILL","","WESTON-SUPER-MARE","AVON","BS23 4YQ","19960401","","","H","","","","","","","","0","","","","",""
"8C121","HOSPISCARE","Y57","Q66","DRYDEN ROAD","","","EXETER","DEVON","EX2 5JJ","19960401","","","H","","","","","","","","0","","","","",""
"8C184","NORTH DEVON HOSPICE CARE TRUST","Y57","Q66","DEER PARK ROAD","","","BARNSTAPLE","DEVON","EX32 0HU","19960401","","","H","","","","","","","","0","","","","",""
"8C279","ST LUKES HOSPICE (PLYMOUTH)","Y57","Q66","STAMFORD ROAD","","","PLYMOUTH","DEVON","PL9 9XA","19960401","","","H","","","","","","","","0","","","","",""
"8C283","ROWCROFT HOSPICE","Y57","Q66","AVENUE ROAD","","","TORQUAY","DEVON","TQ2 5LS","19960401","","","H","","","","","","","","0","","","","",""
"8C405","SUE RYDER CARE - LECKHAMPTON COURT HOSPICE","Y57","Q64","LECKHAMPTON COURT","CHURCH ROAD","LECKHAMPTON","CHELTENHAM","GLOUCESTERSHIRE","GL53 0QJ","19960401","","","H","","","","","","","","0","","","","",""
"8C468","ST MARGARET'S SOMERSET HOSPICE","Y57","Q65","HERON DRIVE","BISHOPS HULL","","TAUNTON","SOMERSET","TA1 5HA","19960401","","","H","","","","","","","","0","","","","",""
"8C520","ST MICHAELS HOSPICE","Y55","Q53","BARTESTREE","","","HEREFORD","HEREFORDSHIRE","HR1 4HA","19960401","","","H","","","","","","","","0","","","","",""
"8C572","ST RICHARD'S HOSPICE","Y55","Q53","WILD WOOD DRIVE","","","WORCESTER","WORCESTERSHIRE","WR5 2QT","19960401","","","H","","","","","","","","0","","","","",""
"8C603","SEVERN HOSPICE","Y55","Q60","BICTON HEATH","","","SHREWSBURY","SHROPSHIRE","SY3 8HS","19960401","","","H","","","","","","","","0","","","","",""
"8C717","MARY STEVENS HOSPICE","Y55","Q54","221 HAGLEY ROAD","","OLDSWINFORD","STOURBRIDGE","WEST MIDLANDS","DY8 2JR","19960401","","","H","","","","","","","","0","","","","",""
"8C743","MARIE CURIE CENTRE (SOLIHULL)","Y55","Q54","911-913 WARWICK ROAD","","","SOLIHULL","WEST MIDLANDS","B91 3ER","19960401","","","H","","","","","","","","0","","","","",""
"8C788","BIRMINGHAM ST MARYS HOSPICE","Y55","Q54","176 RADDLEBARN ROAD","SELLY PARK","","BIRMINGHAM","WEST MIDLANDS","B29 7DA","19960401","","","H","","","","","","","","0","","","","",""
"8C798","ACORNS SELLY OAK","Y55","Q54","103 OAK TREE LANE","SELLY OAK","","BIRMINGHAM","WEST MIDLANDS","B29 6HZ","19960401","","","H","","","","","","","","0","","","","",""
"8C884","KEMP HOSPICE","Y55","Q53","41 MASON ROAD","","","KIDDERMINSTER","WORCESTERSHIRE","DY11 6AG","19960401","","","H","","","","","","","","0","","","","",""
"8C887","DOUGLAS MACMILLAN HOSPICE","Y55","Q60","BARLASTON ROAD","","","STOKE-ON-TRENT","STAFFORDSHIRE","ST3 3NZ","19960401","","","H","","","","","","","","0","","","","",""
"8C928","ST GILES HOSPICE","Y55","Q60","FISHERWICK ROAD","WHITTINGTON","","LICHFIELD","STAFFORDSHIRE","WS14 9LH","19960401","","","H","","","","","","","","0","","","","",""
"8C960","KATHERINE HOUSE DAY HOSPICE","Y55","Q60","WESTON ROAD","","","STAFFORD","STAFFORDSHIRE","ST16 3SB","19960401","","","H","","","","","","","","0","","","","",""
"8CA01","DRAPERS WING (ST CHRISTOPHERS HOSPICE)","Y56","Q71","51-59 LAWRIE PARK ROAD","","","LONDON","GREATER LONDON","SE26 6DZ","19960401","","","H","","","","","","","","0","","","","",""
"8CA76","ST PETER'S & ST JAMES' HOSPICE & CONTINUING CARE CENTRE","Y57","Q68","NORTH COMMON ROAD","NORTH CHAILEY","","LEWES","EAST SUSSEX","BN8 4ED","19960401","","","H","","","","","","","","0","","","","",""
"8CD77","ST WILFRID'S HOSPICE (EAST SUSSEX)","Y57","Q68","1 BROADWATER WAY","","","EASTBOURNE","EAST SUSSEX","BN22 9PZ","19960401","","","H","","","","","","","","0","","","","",""
"8CE30","ST MICHAEL'S HOSPICE","Y57","Q68","25 UPPER MAZE HILL","","","ST. LEONARDS-ON-SEA","EAST SUSSEX","TN38 0LB","19960401","","","H","","","","","","","","0","","","","",""
"8CE67","THE SUSSEX BEACON NH","Y57","Q68","BEVENDEAN ROAD","","","BRIGHTON","EAST SUSSEX","BN2 4DE","19960401","","","H","","","","","","","","0","","","","",""
"8CF54","PILGRIMS HOSPICE IN EAST KENT","Y57","Q67","56 LONDON ROAD","","","CANTERBURY","KENT","CT2 8JA","19960401","","","H","","","","","","","","0","","","","",""
"8CF79","PILGRIMS HOSPICE IN THANET","Y57","Q67","RAMSGATE ROAD","","","MARGATE","KENT","CT9 4AD","19960401","","","H","","","","","","","","0","","","","",""
"8CG25","THE HEART OF KENT HOSPICE","Y57","Q67","PRESTON HALL","AYLESFORD","","MAIDSTONE","KENT","ME20 7PU","19960401","","","H","","","","","","","","0","","","","",""
"8CH25","TRINITY HOSPICE","Y56","Q71","30 CLAPHAM COMMON NORTH SIDE","","","LONDON","GREATER LONDON","SW4 0RN","19960401","","","H","","","","","","","","0","","","","",""
"8CJ79","ST RAPHAEL'S HOSPICE","Y56","Q71","ST ANTHONYS HOSPITAL","LONDON ROAD","","SUTTON","SURREY","SM3 9DX","19960401","","","H","","","","","","","","0","","","","",""
"8CL13","PHYLLIS TUCKWELL HOSPICE","Y57","Q70","WAVERLEY LANE","","","FARNHAM","SURREY","GU9 8BL","19960401","","","H","","","","","","","","0","","","","",""
"8CL93","THE PRINCESS ALICE HOSPICE","Y57","Q68","WEST END LANE","","","ESHER","SURREY","KT10 8NA","19960401","","","H","","","","","","","","0","","","","",""
"8CM39","ST WILFRID'S HOSPICE","Y57","Q68","GROSVENOR ROAD","DONNINGTON","","CHICHESTER","WEST SUSSEX","PO19 8FP","19960401","","","H","","","","","","","","0","","","","",""
"8CM83","ST CATHERINE'S HOSPICE","Y57","Q68","MALTHOUSE RD","SOUTHGATE","","CRAWLEY","WEST SUSSEX","RH10 6BH","19960401","","","H","","","","","","","","0","","","","",""
"8CN39","ST BARNABAS HOUSE","Y57","Q68","2 TITNORE LANE","GORING-BY-SEA","","WORTHING","WEST SUSSEX","BN12 6NZ","19960401","","","H","","","","","","","","0","","","","",""
"8CP96","LEWIS MANNING TRUST","Y57","Q70","1 CRICHEL MOUNT ROAD","LILLYPUT","","POOLE","DORSET","BH14 8LT","19960401","","","H","","","","","","","","0","","","","",""
"8CQ06","WELDMAR HOSPICECARE TRUST","Y57","Q70","HERRINGSTON ROAD","","","DORCHESTER","DORSET","DT1 2SL","19960401","","","H","","","","","","","","1","","","","",""
"8CQ61","THE ROWANS HOSPICE","Y57","Q70","PURBROOK HEATH ROAD","PURBROOK","","WATERLOOVILLE","HAMPSHIRE","PO7 5RU","19960401","","","H","","","","","","","","0","","","","",""
"8CR40","OAKHAVEN HOSPICE TRUST","Y57","Q70","LOWER PENNINGTON LANE","PENNINGTON","","LYMINGTON","HAMPSHIRE","SO41 8ZZ","19960401","","","H","","","","","","","","0","","","","",""
"8CT09","ST MICHAEL'S HOSPICE (NORTH HAMPSHIRE)","Y57","Q70","BASIL DE FERRANTI HOUSE","ALDERMASTON ROAD","","BASINGSTOKE","HAMPSHIRE","RG24 9NB","19960401","","","H","","","","","","","","0","","","","",""
"8CT53","PROSPECT HOSPICE","Y57","Q64","MOORMEAD ROAD","WROUGHTON","","SWINDON","WILTSHIRE","SN4 9BY","19960401","","","H","","","","","","","","0","","","","",""
"8CT86","THE DOROTHY HOUSE FOUNDATION LTD","Y57","Q64","WINSLEY","","","BRADFORD-ON-AVON","WILTSHIRE","BA15 2LE","19960401","","","H","","","","","","","","0","","","","",""
"8CV48","THAMES HOSPICECARE","Y57","Q69","PINE LODGE","HATCH LANE","","WINDSOR","BERKSHIRE","SL4 3RW","19960401","","","H","","","","","","","","0","","","","",""
"8CW30","WILLEN HOSPICE","Y55","Q58","MILTON ROAD","WILLEN VILLAGE","","MILTON KEYNES","BUCKINGHAMSHIRE","MK15 9AB","19960401","","","H","","","","","","","","0","","","","",""
"8CX25","HELEN HOUSE","Y57","Q69","14A MAGDALEN ROAD","","","OXFORD","OXFORDSHIRE","OX4 1RW","19960401","","","H","","","","","","","","0","","","","",""
"8CX46","KATHARINE HOUSE HOSPICE","Y57","Q69","EAST END","ADDERBURY","","BANBURY","OXFORDSHIRE","OX17 3NL","19960401","","","H","","","","","","","","0","","","","",""
"8CY53","ST PETERS HOSPICE (BRISTOL)","Y57","Q65","ST. AGNES AVENUE","","","BRISTOL","AVON","BS4 2DU","19960401","","","H","","","","","","","","0","","","","",""
"8D642","NOTTINGHAMSHIRE HOSPICE","Y55","Q55","384 WOODBOROUGH ROAD","","","NOTTINGHAM","NOTTINGHAMSHIRE","NG3 4JF","19960401","","","H","","","","","","","","0","","","","",""
"8D671","WELDMAR HOSPICECARE TRUST","Y57","Q70","9 GREENHILL","","","WEYMOUTH","DORSET","DT4 7SW","19960401","","","H","","","","","","","","0","","","","",""
"8D968","ST BARNABAS LINCOLNSHIRE HOSPICE (GRANTHAM)","Y55","Q59","GRANTHAM HOSPICE","86 BARROWBY ROAD","","GRANTHAM","LINCOLNSHIRE","NG31 8AF","19960401","","","H","","","","","","","","0","","","","",""
"8DA93","THE HOSPICE OF THE GOOD SHEPHERD","Y54","Q44","GORDON LANE","BACKFORD","","CHESTER","CHESHIRE","CH2 4DG","19960401","","","H","","","","","","","","0","","","","",""
"8DC20","ST LUKES (CHESHIRE) HOSPICE","Y54","Q44","GROSVENOR HOUSE","QUEENS WAY","","WINSFORD","CHESHIRE","CW7 1BH","19960401","","","H","","","","","","","","0","","","","",""
"8DC39","EAST CHESHIRE HOSPICE","Y54","Q44","MILLBANK DRIVE","","","MACCLESFIELD","CHESHIRE","SK10 3DR","19960401","","","H","","","","","","","","0","","","","",""
"8DD02","ST ROCCO'S HOSPICE","Y54","Q44","LOCKTON LANE","","","WARRINGTON","CHESHIRE","WA5 0BW","19960401","","","H","","","","","","","","0","","","","",""
"8DD33","MARIE CURIE CENTRE (LIVERPOOL)","Y54","Q48","SPEKE ROAD","WOOLTON","","LIVERPOOL","MERSEYSIDE","L25 8QA","19960401","","","H","","","","","","","","0","","","","",""
"8DF19","QUEENS COURT HOSPICE","Y54","Q48","TOWN LANE","","","SOUTHPORT","MERSEYSIDE","PR8 6RE","19960401","","","H","","","","","","","","0","","","","",""
"8DF31","ST JOSEPHS NH","Y54","Q48","INCE ROAD","","","LIVERPOOL","MERSEYSIDE","L23 4UE","19960401","","","H","","","","","","","","0","","","","",""
"8DF98","ST JOHNS HOSPICE (IN WIRRAL)","Y54","Q44","MOUNT ROAD","HIGHER BEBINGTON","","WIRRAL","MERSEYSIDE","CH63 6JE","19960401","","","H","","","","","","","","0","","","","",""
"8DG59","ST ANN'S HOSPICE (CHEADLE)","Y54","Q46","ST. ANNS ROAD NORTH","HEALD GREEN","","CHEADLE","CHESHIRE","SK8 3SZ","19960401","","","H","","","","","","","","0","","","","",""
"8DH25","TRINITY HOSPICE","Y54","Q47","LOW MOOR ROAD","","","BLACKPOOL","LANCASHIRE","FY2 0BG","19960401","","","H","","","","","","","","0","","","","",""
"8DJ73","ST CATHERINE'S HOSPICE","Y54","Q47","LOSTOCK LANE","LOSTOCK HALL","","PRESTON","LANCASHIRE","PR5 5XU","19960401","","","H","","","","","","","","0","","","","",""
"8DK20","WIGAN & LEIGH HOSPICE","Y54","Q46","KILDARE STREET","HINDLEY","","WIGAN","LANCASHIRE","WN2 3HZ","19960401","","","H","","","","","","","","0","","","","",""
"8DK51","BURY HOSPICE","Y54","Q46","DUMERS LANE","RADCLIFFE","","MANCHESTER","GREATER MANCHESTER","M26 2QD","19960401","","","H","","","","","","","","0","","","","",""
"8DK70","SPRINGHILL HOSPICE","Y54","Q46","BROAD LANE","","","ROCHDALE","LANCASHIRE","OL16 4PZ","19960401","","","H","","","","","","","","0","","","","",""
"8DL88","FRANCIS HOUSE CHILDREN'S HOSPICE","Y54","Q46","390 PARRS WOOD ROAD","","","MANCHESTER","GREATER MANCHESTER","M20 5NA","19960401","","","H","","","","","","","","0","","","","",""
"8DM02","ST ANNS HOSPICE","Y54","Q46","PEEL LANE","WORSLEY","","MANCHESTER","GREATER MANCHESTER","M28 0FE","19960401","","","H","","","","","","","","0","","","","",""
"8DM64","ST JOHNS HOSPICE (LANCASTER)","Y54","Q47","SLYNE ROAD","","","LANCASTER","LANCASHIRE","LA2 6ST","19960401","","","H","","","","","","","","0","","","","",""
"8DM81","ST MARYS HOSPICE","Y54","Q49","FORD PARK","","","ULVERSTON","CUMBRIA","LA12 7JP","19960401","","","H","","","","","","","","0","","","","",""
"8DW09","WILLEN HOSPICE","Y55","Q58","MANOR FARM","MILTON ROAD","WILLEN","MILTON KEYNES","BUCKINGHAMSHIRE","MK15 9AB","19960401","20130531","","H","","","","","","","","0","","","","",""
"8E339","WOODLANDS HOSPICE CHARITABLE TRUST","Y54","Q48","UNIVERSITY HOSPITAL CAMPUS","LONGMOOR LANE","AINTREE","LIVERPOOL","MERSEYSIDE","L9 7LA","19960401","","","H","","","","","","","","0","","","","",""
"8E727","CHILDREN'S HOSPICE SOUTH WEST","Y57","Q66","LITTLE BRIDGE HOUSE","REDLANDS ROAD","FREMINGTON","BARNSTAPLE","DEVON","EX31 2PZ","19960401","","","H","","","","","","","","0","","","","",""
"8E782","ST CUTHBERTS HOSPICE","Y54","Q45","PARK HOUSE ROAD","","","DURHAM","COUNTY DURHAM","DH1 3QF","19960401","","","H","","","","","","","","0","","","","",""
"8E984","NAOMI HOUSE","Y57","Q70","STOCKBRIDGE ROAD","SUTTON SCOTNEY","","WINCHESTER","HAMPSHIRE","SO21 3JE","19970401","","","H","","","","","","","","0","","","","",""
"8EA16","ST PETERS HOSPICE (BRENTRY)","Y57","Q65","CHARLTON ROAD","","BRENTRY","BRISTOL","AVON","BS10 6NL","19960401","","","H","","","","","","","","0","","","","",""
"8EA45","PRIMROSE HOSPICE","Y55","Q53","ST GODWALDS ROAD","FINSTALL","","BROMSGROVE","WORCESTERSHIRE","B60 3BW","19960401","","","H","","","","","","","","0","","","","",""
"8EJ77","PAUL BEVAN CANCER FOUNDATION","Y57","Q69","PAUL BEVAN HOUSE","KINGS RIDE","","ASCOT","BERKSHIRE","SL5 7RD","19960401","","","H","","","","","","","","0","","","","",""
"8EJ79","RENNIE GROVE HOSPICE CARE (GILLIAN KING HOUSE)","Y57","Q69","GILLIAN KING HOUSE","HODGEMOOR VIEW","THREE HOUSELHOLDS","CHALFONT ST. GILES","BUCKINGHAMSHIRE","HP8 4LS","19960401","","","H","","","","","","","","0","","","","",""
"8EJ80","HIGH PEAK HOSPICECARE","Y55","Q55","137 MANCHESTER ROAD","CHAPEL-EN-LE-FRITH","","HIGH PEAK","DERBYSHIRE","SK23 9TN","19960401","","","H","","","","","","","","0","","","","",""
"8EJ81","WELDMAR HOSPICECARE TRUST (DORSET)","Y57","Q70","HAMMICK HOUSE","BRIDPORT ROAD","POUNDBURY","DORCHESTER","DORSET","DT1 3SD","19960401","","","H","","","","","","","","0","","","","",""
"8EJ83","PEACE HOSPICE","Y55","Q58","PEACE DRIVE","","","WATFORD","HERTFORDSHIRE","WD17 3PH","19960401","","","H","","","","","","","","0","","","","",""
"8EJ84","RENNIE GROVE HOSPICE CARE (RENNIE HOUSE)","Y55","Q58","RENNIE HOUSE, UNIT 3","TRING INDUSTRIAL ESTATE","ICKNIELD WAY","TRING","HERTFORDSHIRE","HP23 4JX","19960401","","","H","","","","","","","","0","","","","",""
"8EJ85","RENNIE GROVE HOSPICE CARE (GROVE HOUSE)","Y55","Q58","WAVERLEY ROAD","","","ST ALBANS","HERTFORDSHIRE","AL3 5QX","19960401","","","H","","","","","","","","0","","","","",""
"8EJ86","THE NORFOLK HOSPICE TAPPING HOUSE","Y55","Q56","TAPPING HOUSE","38A COMMON ROAD","SNETTISHAM","KING'S LYNN","NORFOLK","PE31 7PF","19960401","","","H","","","","","","","","0","","","","",""
"8EJ87","TYNEDALE COMMUNITY HOSPICE","Y54","Q49","19 BATTLE HILL","","","HEXHAM","NORTHUMBERLAND","NE46 1BA","19960401","","","H","","","","","","","","0","","","","",""
"8EJ88","HOSPICECARE NORTH NORTHUMBERLAND","Y54","Q49","CASTLESIDE HOUSE","40 NARROWGATE","","ALNWICK","NORTHUMBERLAND","NE66 1JQ","19960401","","","H","","","","","","","","0","","","","",""
"8EJ89","BEAUMOND HOUSE COMMUNITY HOSPICE","Y55","Q55","NEWARK & DISTRICT HOSPICE AID","32 LONDON ROAD","","NEWARK","NOTTINGHAMSHIRE","NG24 1TW","19960401","","","H","","","","","","","","0","","","","",""
"8EJ92","MARY ANN EVANS HOSPICE","Y55","Q53","ELIOT WAY","GEORGE ELIOT HOSPITAL SITE","HEATH END ROAD","NUNEATON","WARWICKSHIRE","CV10 7QL","19960401","","","H","","","","","","","","0","","","","",""
"8EJ93","HOSPICE CARE FOR BURNLEY & PENDLE","Y54","Q47","PENDLESIDE RESOURCE CENTRE","REEDLEY HALL","COLNE RD","BURNLEY","LANCASHIRE","BB10 2LW","19960401","","","H","","","","","","","","0","","","","",""
"8EJ97","ZOE'S PLACE - BABY HOSPICE","Y54","Q48","LIFE HEALTH CENTRE","YEW TREE LANE","WEST DERBY","LIVERPOOL","MERSEYSIDE","L12 9HH","19960401","","","H","","","","","","","","0","","","","",""
"8EK01","ST BRIDGET'S HOSPICE","","","DOROTHY PANTIN HOUSE","KENSINGTON ROAD","","DOUGLAS","ISLE OF MAN","IM1 3PE","19960401","","","H","","","","","","","","0","","","","",""
"8EK02","JERSEY HOSPICE CARE","","","CLARKSON HOUSE","MONT COCHON","ST HELIER","JERSEY","CHANNEL ISLANDS","JE2 3JB","19960401","","","H","","","","","","","","0","","","","",""
"8EK03","LES BOURGS HOSPICE","","","ANDREW MITCHELL HOUSE","RUE DU TERTRE","ST ANDREW'S","GUERNSEY","CHANNEL ISLANDS","GY6 8SF","19960401","","","H","","","","","","","","0","","","","",""
"8EN23","GREENWICH & BEXLEY COTTAGE HOSPICE","Y56","Q71","185 BOSTALL HILL","","","LONDON","GREATER LONDON","SE2 0GB","19960401","","","H","","","","","","","","0","","","","",""
"8FM13","WILLOWBROOK HOSPICE","Y54","Q48","PORTICO LANE","ECCLESTON PARK","","PRESCOT","MERSEYSIDE","L34 2QT","19980401","","","H","","","","","","","","0","","","","",""
"8FR82","DEMELZA HOUSE CHILDRENS'S HOSPICE","Y57","Q67","ROOK LANE","BOBBING","","SITTINGBOURNE","KENT","ME9 8DZ","19980401","","","H","","","","","","","","0","","","","",""
"8FV04","CANFORD CHASE","Y57","Q70","40 WESTERN ROAD","","","POOLE","DORSET","BH13 6EU","19980401","","","H","","","","","","","","0","","","","",""
"8G019","BUTTERWICK CHILDRENS HOSPICE","Y54","Q45","MIDDLEFIELD ROAD","","","STOCKTON-ON-TEES","CLEVELAND","TS19 8XN","19990401","","","H","","","","","","","","0","","","","",""
"8G093","ST ANN'S HOSPICE (WORSLEY)","Y54","Q46","PEEL LANE","WORSLEY","","MANCHESTER","GREATER MANCHESTER","M28 0FE","19990401","","","H","","","","","","","","0","","","","",""
"8G095","WILLOW WOOD HOSPICE","Y54","Q46","WILLOW WOOD CLOSE","MELLOR ROAD","","ASHTON-UNDER-LYNE","LANCASHIRE","OL6 6SL","19990401","","","H","","","","","","","","0","","","","",""
"8G096","THE SHAKESPEARE HOSPICE","Y55","Q53","CHURCH LANE","SHOTTERY","","STRATFORD-UPON-AVON","WARWICKSHIRE","CV37 9UL","19990401","","","H","","","","","","","","0","","","","",""
"8G694","PILGRIMS HOSPICE AT ASHFORD","Y57","Q67","HYTHE ROAD","WILLESBOROUGH","","ASHFORD","KENT","TN24 0NE","20000401","","","H","","","","","","","","0","","","","",""
"8G704","ACORNS CHILDRENS HOSPICE (BLACK COUNTRY)","Y55","Q54","WALSTEAD ROAD","","","WALSALL","WEST MIDLANDS","WS5 4LZ","20000401","","","H","","","","","","","","0","","","","",""
"8GA90","ST LUKES HOSPICE (HARROW)","Y56","Q71","KENTON GRANGE","KENTON ROAD","","HARROW","MIDDLESEX","HA3 0YG","20010401","","","H","","","","","","","","0","","","","",""
"8GK24","MARIE CURIE CANCER CARE","Y56","Q71","7TH FLOOR","87-90 ALBERT EMBANKMENT","","LONDON","GREATER LONDON","SE1 7TP","20030401","","","H","","","","","","","","0","","","","",""
"8GM92","ISABEL HOSPICE (GRIFFIN HOUSE)","Y55","Q58","61 BRIDGE ROAD EAST","","","WELWYN GARDEN CITY","HERTFORDSHIRE","AL7 1JR","20040421","","","H","","","","","","","","0","","","","",""
"8GM94","ST ANN'S HOSPICE (PEEL LANE)","Y54","Q46","WORSLEY","","","MANCHESTER","GREATER MANCHESTER","M28 0FE","20040422","","","H","","","","","","","","0","","","","",""
"8GN02","WEST CUMBRIA HOSPICE AT HOME","Y54","Q49","WORKINGTON COMMUNITY HOSPITAL","PARK LANE","","WORKINGTON","CUMBRIA","CA14 2RW","20040423","","","H","","","","","","","","0","","","","",""
"8GN03","HERRIOT HOSPICE HOMECARE","Y54","Q50","19 OMEGA BUSINESS VILLAGE","THURSTON ROAD","","NORTHALLERTON","NORTH YORKSHIRE","DL6 2NJ","20040423","","","H","","","","","","","","0","","","","",""
"8GN08","LAKELANDS DAY CARE HOSPICE","Y55","Q58","BUTLAND ROAD","","","CORBY","NORTHAMPTONSHIRE","NN18 8LX","20040427","","","H","","","","","","","","0","","","","",""
"8GN27","RICHARD HOUSE CHILDREN'S HOSPICE","Y56","Q71","RICHARD HOUSE DRIVE","BECKTON","","LONDON","GREATER LONDON","E16 3RG","20040512","","","H","","","","","","","","0","","","","",""
"8GP42","CHESTNUT TREE HOUSE CHILDREN'S HOSPICE","Y57","Q68","DOVER LANE","POLING","","ARUNDEL","WEST SUSSEX","BN18 9PX","20040824","","","H","","","","","","","","0","","","","",""
"8GT69","SAINT CATHERINES WHITBY DAY HOSPICE","Y54","Q50","5 MULGRAVE CRESCENT","","","WHITBY","NORTH YORKSHIRE","YO21 3JU","20050331","","","H","","","","","","","","0","","","","",""
"8HE44","DR KERSHAWS HOSPICE","Y54","Q46","TURF LANE","ROYTON","","OLDHAM","LANCASHIRE","OL2 6EU","20061001","","","H","","","","","","","","0","","","","",""
"8HN07","BUTTERWICK HOSPICE","Y54","Q45","MIDDLEFIELD ROAD","","","STOCKTON-ON-TEES","CLEVELAND","TS19 8XN","20090610","","","H","","","","","","","","0","","","","",""
"8HN61","ST ANN'S HOSPICE - WYTHENSHAWE HOSPITAL","Y54","Q46","WYTHENSHAWE HOSPITAL","SOUTHMOOR ROAD","","MANCHESTER","GREATER MANCHESTER","M23 9LT","20091001","","","H","","","","","","","","0","","","","",""
"8HN64","ST ANDREW'S CHILDREN'S HOSPICE","Y54","Q50","PEAKS LANE","","","GRIMSBY","SOUTH HUMBERSIDE","DN32 9RP","20091001","","","H","","","","","","","","0","","","","",""
"8HN67","SHOOTING STAR CHILDRENS HOSPICE","Y56","Q71","THE AVENUE","","","HAMPTON","MIDDLESEX","TW12 3RA","20091001","","","H","","","","","","","","0","","","","",""
"8HP06","EAST ANGLIA'S CHILDREN'S HOSPICES - IPSWICH","Y55","Q56","6 WALKER CLOSE","","","IPSWICH","SUFFOLK","IP3 8LY","20100317","","","H","","","","","","","","0","","","","",""
"8HP48","COMPTON HOSPICE LTD","Y55","Q54","4 COMPTON ROAD WEST","COMPTON","","WOLVERHAMPTON","WEST MIDLANDS","WV3 9DH","20100401","","","H","","","","","","","","0","","","","",""
"8HP67","COVENTRY MYTON HOSPICE","Y55","Q53","CLIFFORD BRIDGE ROAD","WALSGRAVE","","COVENTRY","WEST MIDLANDS","CV2 2HJ","20100630","","","H","","","","","","","","0","","","","",""
"8HQ05","WARWICK MYTON HOSPICE","Y55","Q53","MYTON LANE","","","WARWICK","WARWICKSHIRE","CV34 6PX","20100908","","","H","","","","","","","","0","","","","",""
"8HQ06","RUGBY MYTON HOSPICE","Y55","Q53","BARBY ROAD","","","RUGBY","WARWICKSHIRE","CV22 5PY","20100908","","","H","","","","","","","","0","","","","",""
"8HQ53","ST BARNABAS LINCOLNSHIRE HOSPICE (LINCOLN)","Y55","Q59","LINCOLN HOSPICE & EDUCATION CENTRE","HAWTHORN ROAD","","LINCOLN","LINCOLNSHIRE","LN2 4QX","20101230","","","H","","","","","","","","0","","","","",""
"8HQ54","ST BARNABAS LINCOLNSHIRE HOSPICE (COMMS)","Y55","Q59","FUNDRAISING, SHOPS & PROMOTIONS","UNIT 12, NEWPORTE BUSINESS PARK","CARDINAL CLOSE","LINCOLN","LINCOLNSHIRE","LN2 4SY","20101230","","","H","","","","","","","","0","","","","",""
"8HQ55","ST BARNABAS LINCOLNSHIRE HOSPICE (NORFOLK ST)","Y55","Q59","BOSTON WELFARE SUPPORT","BOSTON BUSINESS CENTRE","NORFOLK STREET","BOSTON","LINCOLNSHIRE","PE21 9HH","20101230","20141031","","H","","","","","","","","0","","","","",""
"8HQ56","ST BARNABAS LINCOLNSHIRE HOSPICE (GAINSBOROUGH)","Y55","Q59","GAINSBOROUGH HOSPICE","GEORGE HENDERSON LODGE","MORTON FRONT","GAINSBOROUGH","LINCOLNSHIRE","DN21 3AD","20101230","","","H","","","","","","","","0","","","","",""
"8HQ57","ST BARNABAS LINCOLNSHIRE HOSPICE (LOUTH)","Y55","Q59","OFFICE 13, FAIRFIELD E'PRISE CENTRE","LINCOLN WAY","FAIRFIELD INDUSTRIAL ESTATE","LOUTH","LINCOLNSHIRE","LN11 0LS","20101230","","","H","","","","","","","","0","","","","",""
"8HQ58","ST BARNABAS LINCOLNSHIRE HOSPICE (SKEGNESS)","Y55","Q59","OFFICE 12, SKEGNESS BUSINESS CENTRE","HEATH ROAD","WAINFLEET RD BUSINESS CENTRE","SKEGNESS","LINCOLNSHIRE","PE25 3SJ","20101230","","","H","","","","","","","","0","","","","",""
"8HQ59","ST BARNABAS LINCOLNSHIRE HOSPICE (SLEAFORD)","Y55","Q59","SLEAFORD HOSPICE","121 GRANTHAM ROAD","","SLEAFORD","LINCOLNSHIRE","NG34 7NP","20101230","20141031","","H","","","","","","","","0","","","","",""
"8HQ60","ST BARNABAS LINCOLNSHIRE HOSPICE (SPALDING)","Y55","Q59","SPALDING HOSPICE","JENNY FREEMAN LODGE","2 CLOVER WAY, WYGATE PARK","SPALDING","LINCOLNSHIRE","PE11 3GD","20101230","","","H","","","","","","","","0","","","","",""
"8HQ61","ST BARNABAS LINCOLNSHIRE HOSPICE (STAMFORD)","Y55","Q59","STAMFORD & RUTLAND HOSPITAL","RYHALL ROAD","","STAMFORD","LINCOLNSHIRE","PE9 1UA","20101230","","","H","","","","","","","","0","","","","",""
"8HQ83","THE ROTHERHAM HOSPICE","Y54","Q51","BROOM ROAD","","","ROTHERHAM","SOUTH YORKSHIRE","S60 2SW","20110217","","","H","","","","","","","","0","","","","",""
"8HQ84","BLUEBELL WOOD CHILDREN'S HOSPICE","Y54","Q51","CRAMFIT ROAD","NORTH ANSTON","","SHEFFIELD","SOUTH YORKSHIRE","S25 4AJ","20110217","","","H","","","","","","","","0","","","","",""
"8HQ97","BARNSLEY HOSPICE","Y54","Q51","104-106 CHURCH STREET","GAWBER","","BARNSLEY","SOUTH YORKSHIRE","S75 2RL","20110309","","","H","","","","","","","","0","","","","",""
"8HR09","HOSPICE IN THE WEALD","Y57","Q67","MAIDSTONE ROAD","PEMBURY","","TUNBRIDGE WELLS","KENT","TN2 4TA","20110315","","","H","","","","","","","","0","","","","",""
"8HX16","FORGET ME NOT CHILDREN'S HOSPICE","Y54","Q52","RUSSELL HOUSE","FELL GREAVE ROAD","","HUDDERSFIELD","WEST YORKSHIRE","HD2 1NH","20120323","","","H","","","","","","","","0","","","","",""
"8HX98","ST TERESA'S HOSPICE","Y54","Q45","THE WOODLANDS","91 WOODLAND ROAD","","DARLINGTON","COUNTY DURHAM","DL3 7UA","20120618","","","H","","","","","","","","0","","","","",""
"8HY15","HALTON HAVEN HOSPICE","Y54","Q48","BARNFIELD AVENUE","MURDISHAW","","RUNCORN","CHESHIRE","WA7 6EP","20120626","","","H","","","","","","","","0","","","","",""
"8HY78","HARTLEPOOL HOSPICE LTD","Y54","Q45","ALICE HOUSE","WELLS AVENUE","","HARTLEPOOL","CLEVELAND","TS24 9DA","20120815","","","H","","","","","","","","0","","","","",""
"8HY98","HAVENS HOSPICE","Y55","Q57","STUART HOUSE","47 SECOND AVENUE","","WESTCLIFF-ON-SEA","ESSEX","SS0 8HX","20120830","","","H","","","","","","","","0","","","","",""
"8J115","WOKING HOSPICE","Y57","Q68","5 HILL VIEW ROAD","","","WOKING","SURREY","GU22 7HW","20130125","","","H","","","","","","","","0","","","","",""
"8J116","SAM BEARE HOSPICE","Y57","Q68","22 CHURCH STREET","","","WEYBRIDGE","SURREY","KT13 8DY","20130125","","","H","","","","","","","","0","","","","",""
"8J260","DOUGLAS HOUSE","Y57","Q69","14A MAGDALEN ROAD","","","OXFORD","OXFORDSHIRE","OX4 1RW","20130606","","","H","","","","","","","","0","","","","",""
"8J350","ST MARY'S HOSPICE","Y54","Q49","FORD PARK","","","ULVERSTON","CUMBRIA","LA12 7JP","20130823","","","H","","","","","","","","0","","","","",""
"8J773","AGE UK WIRRAL","Y54","Q44","DEVONSHIRE RESOURCE CENTRE","141 PARK ROAD NORTH","","BIRKENHEAD","MERSEYSIDE","CH41 0DD","20140917","","","H","","","","","","","","0","","","","",""
"8J925","DEAN FOREST HOSPICE","Y57","Q64","GREAT OAKS","THE GORSE","","COLEFORD","GLOUCESTERSHIRE","GL16 8QE","20141001","","","H","","","","","","","","1","","","","",""
"8WC16","ST DAVID'S FOUNDATION HOSPICE CARE","W00","Q99","CAMBRIAN HOUSE","ST JOHNS ROAD","","NEWPORT","GWENT","NP19 8GR","19960401","","","H","","","","","","","","0","","","","",""
"8WD19","MARIE CURIE CENTRE (HOLME TOWER)","W00","Q99","BRIDGEMAN ROAD","","","PENARTH","SOUTH GLAMORGAN","CF64 3YR","19960401","","","H","","","","","","","","0","","","","",""
"8WE32","THE GEORGE THOMAS CENTRE FOR HOSPICE CARE","W00","Q99","WHITCHURCH HOSPITAL GROUNDS","PARK ROAD","WHITCHURCH","CARDIFF","SOUTH GLAMORGAN","CF14 7BQ","19960401","","","H","","","","","","","","0","","","","",""
"8WE40","ST KENTIGERN HOSPICE","W00","Q99","UPPER DENBIGH ROAD","","","ST ASAPH","CLWYD","LL17 0RS","19960401","","","H","","","","","","","","0","","","","",""
"8WE41","PAUL SARTORI FOUNDATION","W00","Q99","PATIENT SUPPORT FACILITY","31 HAVEN ROAD","","HAVERFORDWEST","DYFED","SA61 1DU","19960401","","","H","","","","","","","","0","","","","",""
"8WE42","HOSPICE OF THE VALLEYS","W00","Q99","PARK GATES","MORGAN STREET","","TREDEGAR","GWENT","NP22 3ND","19960401","","","H","","","","","","","","0","","","","",""
"8WE43","GWYNEDD HOSPICE AT HOME","W00","Q99","BODFAN","ERYRI HOSPITAL","THE PARK","CAERNARFON","GWYNEDD","LL55 2YE","19960401","","","H","","","","","","","","0","","","","",""
"8WE44","USK-HOUSE DAY HOSPICE","W00","Q99","BRIDGE STREET","LLANFAES","","BRECON","POWYS","LD3 8AH","19960401","","","H","","","","","","","","0","","","","",""
"8WE68","ST ANNE'S HOSPICE","W00","Q99","HARDING AVENUE","","","NEWPORT","GWENT","NP20 6ZE","19970401","","","H","","","","","","","","0","","","","",""
"8WF02","NIGHTINGALE HOUSE HOSPICE","W00","Q99","CHESTER ROAD","","","WREXHAM","CLWYD","LL11 2SJ","19990401","","","H","","","","","","","","0","","","","",""
"8WF03","TY HAFAN","W00","Q99","HAYES ROAD","","SULLY","PENARTH","SOUTH GLAMORGAN","CF64 5XX","19990401","","","H","","","","","","","","0","","","","",""
"8WF04","ST DAVID'S HOSPICE","W00","Q99","ABBEY ROAD","","CONWY","LLANDUDNO","GWYNEDD","LL30 2EN","19990401","","","H","","","","","","","","0","","","","",""
"8WG20","SHALOM HOUSE","W00","Q99","113 NUN STREET","ST. DAVIDS","","HAVERFORDWEST","DYFED","SA62 6BP","20080516","","","H","","","","","","","","0","","","","",""
"8WG37","HOSPICE OF THE VALLEYS","W00","Q99","PARK GATE BUSINESS CENTRE","MORGAN STREET","","TREDEGAR","GWENT","NP22 3ND","20100401","","","H","","","","","","","","0","","","","",""
"RA2","ROYAL SURREY COUNTY HOSPITAL NHS FOUNDATION TRUST","Y57","Q68","EGERTON ROAD","","","GUILDFORD","SURREY","GU2 7XX","19910401","","","H","","","","","","","","0","","","","",""
"RA3","WESTON AREA HEALTH NHS TRUST","Y57","Q65","WESTON GENERAL HOSPITAL","GRANGE ROAD","UPHILL","WESTON-SUPER-MARE","AVON","BS23 4TQ","19910401","","","H","","","","","","","","0","","","","",""
"RA4","YEOVIL DISTRICT HOSPITAL NHS FOUNDATION TRUST","Y57","Q65","YEOVIL DISTRICT HOSPITAL","HIGHER KINGSTON","","YEOVIL","SOMERSET","BA21 4AT","19910401","","","H","","","","","","","","0","","","","",""
"RA7","UNIVERSITY HOSPITALS BRISTOL NHS FOUNDATION TRUST","Y57","Q65","MARLBOROUGH STREET","","","BRISTOL","AVON","BS1 3NU","19910401","","","H","","","","","","","","0","","","","",""
"RA9","SOUTH DEVON HEALTHCARE NHS FOUNDATION TRUST","Y57","Q66","HENGRAVE HOUSE","TORBAY HOSPITAL","NEWTON ROAD","TORQUAY","DEVON","TQ2 7AA","19910401","","","H","","","","","","","","0","","","","",""
"RAE","BRADFORD TEACHING HOSPITALS NHS FOUNDATION TRUST","Y54","Q52","BRADFORD ROYAL INFIRMARY","DUCKWORTH LANE","","BRADFORD","WEST YORKSHIRE","BD9 6RJ","19910401","","","H","","","","","","","","0","","","","",""
"RAJ","SOUTHEND UNIVERSITY HOSPITAL NHS FOUNDATION TRUST","Y55","Q57","PRITTLEWELL CHASE","","","WESTCLIFF-ON-SEA","ESSEX","SS0 0RY","19910401","","","H","","","","","","","","0","","","","",""
"RAL","ROYAL FREE LONDON NHS FOUNDATION TRUST","Y56","Q71","ROYAL FREE HOSPITAL","POND STREET","","LONDON","GREATER LONDON","NW3 2QG","19910401","","","H","","","","","","","","0","","","","",""
"RAN","ROYAL NATIONAL ORTHOPAEDIC HOSPITAL NHS TRUST","Y56","Q71","BROCKLEY HILL","","","STANMORE","MIDDLESEX","HA7 4LP","19910401","","","H","","","","","","","","0","","","","",""
"RAP","NORTH MIDDLESEX UNIVERSITY HOSPITAL NHS TRUST","Y56","Q71","STERLING WAY","","","LONDON","GREATER LONDON","N18 1QX","19910401","","","H","","","","","","","","0","","","","",""
"RAS","THE HILLINGDON HOSPITALS NHS FOUNDATION TRUST","Y56","Q71","PIELD HEATH ROAD","","","UXBRIDGE","MIDDLESEX","UB8 3NN","19910401","","","H","","","","","","","","0","","","","",""
"RBA","TAUNTON AND SOMERSET NHS FOUNDATION TRUST","Y57","Q65","MUSGROVE PARK HOSPITAL","","","TAUNTON","SOMERSET","TA1 5DA","19910401","","","H","","","","","","","","0","","","","",""
"RBD","DORSET COUNTY HOSPITAL NHS FOUNDATION TRUST","Y57","Q70","DORSET COUNTY HOSPITAL","WILLIAMS AVENUE","","DORCHESTER","DORSET","DT1 2JY","19910401","","","H","","","","","","","","0","","","","",""
"RBL","WIRRAL UNIVERSITY TEACHING HOSPITAL NHS FOUNDATION TRUST","Y54","Q44","ARROWE PARK HOSPITAL","ARROWE PARK ROAD","UPTON","WIRRAL","MERSEYSIDE","CH49 5PE","19910401","","","H","","","","","","","","0","","","","",""
"RBN","ST HELENS AND KNOWSLEY HOSPITALS NHS TRUST","Y54","Q48","WHISTON HOSPITAL","WARRINGTON ROAD","","PRESCOT","MERSEYSIDE","L35 5DR","19910401","","","H","","","","","","","","0","","","","",""
"RBS","ALDER HEY CHILDREN'S NHS FOUNDATION TRUST","Y54","Q48","ALDER HEY HOSPITAL","EATON ROAD","WEST DERBY","LIVERPOOL","MERSEYSIDE","L12 2AP","19910401","","","H","","","","","","","","0","","","","",""
"RBT","MID CHESHIRE HOSPITALS NHS FOUNDATION TRUST","Y54","Q44","LEIGHTON HOSPITAL","LEIGHTON","","CREWE","CHESHIRE","CW1 4QJ","19910401","","","H","","","","","","","","0","","","","",""
"RBV","THE CHRISTIE NHS FOUNDATION TRUST","Y54","Q46","550 WILMSLOW ROAD","WITHINGTON","","MANCHESTER","GREATER MANCHESTER","M20 4BX","19910401","","","H","","","","","","","","0","","","","",""
"RC1","BEDFORD HOSPITAL NHS TRUST","Y55","Q58","SOUTH WING","KEMPSTON ROAD","","BEDFORD","BEDFORDSHIRE","MK42 9DJ","19920401","","","H","","","","","","","","0","","","","",""
"RC3","EALING HOSPITAL NHS TRUST","Y56","Q71","UXBRIDGE ROAD","","","SOUTHALL","MIDDLESEX","UB1 3HW","19920401","20140930","","H","","","","","","","","0","","","","",""
"RC9","LUTON AND DUNSTABLE UNIVERSITY HOSPITAL NHS FOUNDATION TRUST","Y55","Q58","LEWSEY ROAD","","","LUTON","BEDFORDSHIRE","LU4 0DZ","19920401","","","H","","","","","","","","0","","","","",""
"RCB","YORK TEACHING HOSPITAL NHS FOUNDATION TRUST","Y54","Q50","YORK HOSPITAL","WIGGINTON ROAD","","YORK","NORTH YORKSHIRE","YO31 8HE","19920401","","","H","","","","","","","","0","","","","",""
"RCD","HARROGATE AND DISTRICT NHS FOUNDATION TRUST","Y54","Q50","STRAYSIDE WING","HARROGATE DISTRICT HOSPITAL","LANCASTER PARK ROAD","HARROGATE","NORTH YORKSHIRE","HG2 7SX","19920401","","","H","","","","","","","","0","","","","",""
"RCF","AIREDALE NHS FOUNDATION TRUST","Y54","Q52","AIREDALE GENERAL HOSPITAL","SKIPTON ROAD","STEETON","KEIGHLEY","WEST YORKSHIRE","BD20 6TD","19920401","","","H","","","","","","","","0","","","","",""
"RCU","SHEFFIELD CHILDREN'S NHS FOUNDATION TRUST","Y54","Q51","WESTERN BANK","","","SHEFFIELD","SOUTH YORKSHIRE","S10 2TH","19920401","","","H","","","","","","","","0","","","","",""
"RCX","THE QUEEN ELIZABETH HOSPITAL, KING'S LYNN, NHS FOUNDATION TRUST","Y55","Q56","QUEEN ELIZABETH HOSPITAL","GAYTON ROAD","","KINGS LYNN","NORFOLK","PE30 4ET","19920401","","","H","","","","","","","","0","","","","",""
"RD1","ROYAL UNITED HOSPITALS BATH NHS FOUNDATION TRUST","Y57","Q64","COMBE PARK","","","BATH","AVON","BA1 3NG","19920401","","","H","","","","","","","","1","","","","",""
"RD3","POOLE HOSPITAL NHS FOUNDATION TRUST","Y57","Q70","LONGFLEET ROAD","","","POOLE","DORSET","BH15 2JB","19920401","","","H","","","","","","","","0","","","","",""
"RD8","MILTON KEYNES HOSPITAL NHS FOUNDATION TRUST","Y55","Q58","STANDING WAY","EAGLESTONE","","MILTON KEYNES","BUCKINGHAMSHIRE","MK6 5LD","19920401","","","H","","","","","","","","0","","","","",""
"RDD","BASILDON AND THURROCK UNIVERSITY HOSPITALS NHS FOUNDATION TRUST","Y55","Q57","BASILDON HOSPITAL","","NETHERMAYNE","BASILDON","ESSEX","SS16 5NL","19920401","","","H","","","","","","","","0","","","","",""
"RDR","SUSSEX COMMUNITY NHS TRUST","Y57","Q68","BRIGHTON GENERAL HOSPITAL","ELM GROVE","","BRIGHTON","EAST SUSSEX","BN2 3EW","19920401","","","H","","","","","","","","0","","","","",""
"RDU","FRIMLEY HEALTH NHS FOUNDATION TRUST","Y57","Q68","PORTSMOUTH ROAD","","FRIMLEY","CAMBERLEY","SURREY","GU16 7UJ","19920401","","","H","","","","","","","","0","","","","",""
"RDY","DORSET HEALTHCARE UNIVERSITY NHS FOUNDATION TRUST","Y57","Q70","SENTINEL HOUSE","4-6 NUFFIELD ROAD","NUFFIELD INDUSTRIAL ESTATE","POOLE","DORSET","BH17 0RB","19920401","","","H","","","","","","","","0","","","","",""
"RDZ","THE ROYAL BOURNEMOUTH AND CHRISTCHURCH HOSPITALS NHS FOUNDATION TRUST","Y57","Q70","ROYAL BOURNEMOUTH GENERAL HOSPITAL","CASTLE LANE EAST","","BOURNEMOUTH","DORSET","BH7 7DW","19920401","","","H","","","","","","","","0","","","","",""
"RE9","SOUTH TYNESIDE NHS FOUNDATION TRUST","Y54","Q49","SOUTH TYNESIDE DISTRICT HOSPITAL","HARTON LANE","","SOUTH SHIELDS","TYNE AND WEAR","NE34 0PL","19930401","","","H","","","","","","","","0","","","","",""
"REM","AINTREE UNIVERSITY HOSPITAL NHS FOUNDATION TRUST","Y54","Q48","UNIVERSITY HOSPITAL AINTREE","FAZAKERLEY HOSPITAL","LOWER LANE","LIVERPOOL","MERSEYSIDE","L9 7AL","19920401","","","H","","","","","","","","0","","","","",""
"RFF","BARNSLEY HOSPITAL NHS FOUNDATION TRUST","Y54","Q51","GAWBER ROAD","","","BARNSLEY","SOUTH YORKSHIRE","S75 2EP","19930401","","","H","","","","","","","","0","","","","",""
"RFR","THE ROTHERHAM NHS FOUNDATION TRUST","Y54","Q51","MOORGATE ROAD","","","ROTHERHAM","SOUTH YORKSHIRE","S60 2UD","19930401","","","H","","","","","","","","0","","","","",""
"RFS","CHESTERFIELD ROYAL HOSPITAL NHS FOUNDATION TRUST","Y55","Q55","CALOW","","","CHESTERFIELD","DERBYSHIRE","S44 5BL","19930401","","","H","","","","","","","","0","","","","",""
"RFW","WEST MIDDLESEX UNIVERSITY HOSPITAL NHS TRUST","Y56","Q71","TWICKENHAM ROAD","","","ISLEWORTH","MIDDLESEX","TW7 6AF","19930401","","","H","","","","","","","","0","","","","",""
"RGM","PAPWORTH HOSPITAL NHS FOUNDATION TRUST","Y55","Q56","PAPWORTH EVERARD","","","CAMBRIDGE","CAMBRIDGESHIRE","CB23 3RE","19930401","","","H","","","","","","","","0","","","","",""
"RGN","PETERBOROUGH AND STAMFORD HOSPITALS NHS FOUNDATION TRUST","Y55","Q56","EDITH CAVELL HOSPITAL","BRETTON GATE","BRETTON","PETERBOROUGH","CAMBRIDGESHIRE","PE3 9GZ","19930401","","","H","","","","","","","","0","","","","",""
"RGP","JAMES PAGET UNIVERSITY HOSPITALS NHS FOUNDATION TRUST","Y55","Q56","LOWESTOFT ROAD","","GORLESTON","GREAT YARMOUTH","NORFOLK","NR31 6LA","19930401","","","H","","","","","","","","0","","","","",""
"RGQ","IPSWICH HOSPITAL NHS TRUST","Y55","Q56","HEATH ROAD","","","IPSWICH","SUFFOLK","IP4 5PD","19930401","","","H","","","","","","","","0","","","","",""
"RGR","WEST SUFFOLK NHS FOUNDATION TRUST","Y55","Q56","HARDWICK LANE","","","BURY ST EDMUNDS","SUFFOLK","IP33 2QZ","19930401","","","H","","","","","","","","0","","","","",""
"RGT","CAMBRIDGE UNIVERSITY HOSPITALS NHS FOUNDATION TRUST","Y55","Q56","ADDENBROOKES HOSPITAL","HILLS ROAD","","CAMBRIDGE","CAMBRIDGESHIRE","CB2 0QQ","19930401","","","H","","","","","","","","0","","","","",""
"RHM","UNIVERSITY HOSPITAL SOUTHAMPTON NHS FOUNDATION TRUST","Y57","Q70","MAILPOINT 18","SOUTHAMPTON GENERAL HOSPITAL","TREMONA ROAD","SOUTHAMPTON","HAMPSHIRE","SO16 6YD","19930401","","","H","","","","","","","","0","","","","",""
"RHU","PORTSMOUTH HOSPITALS NHS TRUST","Y57","Q70","DE LA COURT HOUSE","QUEEN ALEXANDRA HOSPITAL","SOUTHWICK HILL ROAD","PORTSMOUTH","HAMPSHIRE","PO6 3LY","19930401","","","H","","","","","","","","0","","","","",""
"RHW","ROYAL BERKSHIRE NHS FOUNDATION TRUST","Y57","Q69","ROYAL BERKSHIRE HOSPITAL","LONDON ROAD","","READING","BERKSHIRE","RG1 5AN","19930401","","","H","","","","","","","","0","","","","",""
"RJ1","GUY'S AND ST THOMAS' NHS FOUNDATION TRUST","Y56","Q71","TRUST OFFICES","GUY'S HOSPITAL","GREAT MAZE POND","LONDON","GREATER LONDON","SE1 9RT","19930401","","","H","","","","","","","","0","","","","",""
"RJ2","LEWISHAM AND GREENWICH NHS TRUST","Y56","Q71","UNIVERSITY HOSPITAL LEWISHAM","LEWISHAM HIGH STREET","","LONDON","GREATER LONDON","SE13 6LH","19930401","","","H","","","","","","","","0","","","","",""
"RJ6","CROYDON HEALTH SERVICES NHS TRUST","Y56","Q71","CROYDON UNIVERSITY HOSPITAL","LONDON ROAD","","THORNTON HEATH","SURREY","CR7 7YE","19930401","","","H","","","","","","","","0","","","","",""
"RJ7","ST GEORGE'S HEALTHCARE NHS FOUNDATION TRUST","Y56","Q71","ST GEORGE'S HOSPITAL","BLACKSHAW ROAD","TOOTING","LONDON","GREATER LONDON","SW17 0QT","19930401","","","H","","","","","","","","1","","","","",""
"RJC","SOUTH WARWICKSHIRE NHS FOUNDATION TRUST","Y55","Q53","WARWICK HOSPITAL","LAKIN ROAD","","WARWICK","WARWICKSHIRE","CV34 5BW","19930401","","","H","","","","","","","","0","","","","",""
"RJD","MID STAFFORDSHIRE NHS FOUNDATION TRUST","Y55","Q60","STAFFORD HOSPITAL","WESTON ROAD","","STAFFORD","STAFFORDSHIRE","ST16 3SA","19930401","","","H","","","","","","","","0","","","","",""
"RJE","UNIVERSITY HOSPITALS OF NORTH MIDLANDS NHS TRUST","Y55","Q60","NORTH STAFFORDSHIRE ROYAL INFIRMARY","PRINCES ROAD","","STOKE-ON-TRENT","STAFFORDSHIRE","ST4 7LN","19930401","","","H","","","","","","","","0","","","","",""
"RJF","BURTON HOSPITALS NHS FOUNDATION TRUST","Y55","Q60","QUEEN'S HOSPITAL","BELVEDERE ROAD","","BURTON-ON-TRENT","STAFFORDSHIRE","DE13 0RB","19930401","","","H","","","","","","","","0","","","","",""
"RJN","EAST CHESHIRE NHS TRUST","Y54","Q44","MACCLESFIELD DISTRICT GEN HOSPITAL","VICTORIA ROAD","","MACCLESFIELD","CHESHIRE","SK10 3BL","19930401","","","H","","","","","","","","0","","","","",""
"RJZ","KING'S COLLEGE HOSPITAL NHS FOUNDATION TRUST","Y56","Q71","DENMARK HILL","","","LONDON","GREATER LONDON","SE5 9RS","19930401","","","H","","","","","","","","0","","","","",""
"RK9","PLYMOUTH HOSPITALS NHS TRUST","Y57","Q66","DERRIFORD HOSPITAL","DERRIFORD ROAD","","PLYMOUTH","DEVON","PL6 8DH","19940401","","","H","","","","","","","","0","","","","",""
"RKE","THE WHITTINGTON HOSPITAL NHS TRUST","Y56","Q71","THE WHITTINGTON HOSPITAL","MAGDALA AVENUE","","LONDON","GREATER LONDON","N19 5NF","19930401","","","H","","","","","","","","0","","","","",""
"RL4","THE ROYAL WOLVERHAMPTON NHS TRUST","Y55","Q54","NEW CROSS HOSPITAL","WOLVERHAMPTON ROAD","HEATH TOWN","WOLVERHAMPTON","WEST MIDLANDS","WV10 0QP","19940401","","","H","","","","","","","","0","","","","",""
"RLN","CITY HOSPITALS SUNDERLAND NHS FOUNDATION TRUST","Y54","Q49","SUNDERLAND ROYAL HOSPITAL","KAYLL ROAD","","SUNDERLAND","TYNE AND WEAR","SR4 7TP","19940401","","","H","","","","","","","","0","","","","",""
"RLQ","WYE VALLEY NHS TRUST","Y55","Q53","COUNTY HOSPITAL","UNION WALK","","HEREFORD","HEREFORDSHIRE","HR1 2ER","19940401","","","H","","","","","","","","0","","","","",""
"RLY","NORTH STAFFORDSHIRE COMBINED HEALTHCARE NHS TRUST","Y55","Q60","BELLRINGER ROAD","TRENTHAM","","STOKE-ON-TRENT","STAFFORDSHIRE","ST4 8HH","19940401","","","H","","","","","","","","0","","","","",""
"RM1","NORFOLK AND NORWICH UNIVERSITY HOSPITALS NHS FOUNDATION TRUST","Y55","Q56","COLNEY LANE","COLNEY","","NORWICH","NORFOLK","NR4 7UY","19940401","","","H","","","","","","","","0","","","","",""
"RM2","UNIVERSITY HOSPITAL OF SOUTH MANCHESTER NHS FOUNDATION TRUST","Y54","Q46","WYTHENSHAWE HOSPITAL","SOUTHMOOR ROAD","WYTHENSHAWE","MANCHESTER","GREATER MANCHESTER","M23 9LT","19940401","","","H","","","","","","","","0","","","","",""
"RMC","BOLTON NHS FOUNDATION TRUST","Y54","Q46","THE ROYAL BOLTON HOSPITAL","MINERVA ROAD","FARNWORTH","BOLTON","LANCASHIRE","BL4 0JR","19940401","","","H","","","","","","","","0","","","","",""
"RMP","TAMESIDE HOSPITAL NHS FOUNDATION TRUST","Y54","Q46","TAMESIDE GENERAL HOSPITAL","FOUNTAIN STREET","","ASHTON-UNDER-LYNE","LANCASHIRE","OL6 9RW","19940401","","","H","","","","","","","","0","","","","",""
"RN3","GREAT WESTERN HOSPITALS NHS FOUNDATION TRUST","Y57","Q64","GREAT WESTERN HOSPITAL","MARLBOROUGH ROAD","","SWINDON","WILTSHIRE","SN3 6BB","19940401","","","H","","","","","","","","0","","","","",""
"RN5","HAMPSHIRE HOSPITALS NHS FOUNDATION TRUST","Y57","Q70","ALDERMASTON ROAD","","","BASINGSTOKE","HAMPSHIRE","RG24 9NA","19940401","","","H","","","","","","","","0","","","","",""
"RNS","NORTHAMPTON GENERAL HOSPITAL NHS TRUST","Y55","Q58","CLIFTONVILLE","","","NORTHAMPTON","NORTHAMPTONSHIRE","NN1 5BD","19940401","","","H","","","","","","","","0","","","","",""
"RNZ","SALISBURY NHS FOUNDATION TRUST","Y57","Q64","SALISBURY DISTRICT HOSPITAL","ODSTOCK ROAD","","SALISBURY","WILTSHIRE","SP2 8BJ","19940401","","","H","","","","","","","","0","","","","",""
"RP4","GREAT ORMOND STREET HOSPITAL FOR CHILDREN NHS FOUNDATION TRUST","Y56","Q71","GREAT ORMOND STREET","","","LONDON","GREATER LONDON","WC1N 3JH","19940401","","","H","","","","","","","","0","","","","",""
"RPY","THE ROYAL MARSDEN NHS FOUNDATION TRUST","Y56","Q71","FULHAM ROAD","","","LONDON","GREATER LONDON","SW3 6JJ","19940401","","","H","","","","","","","","0","","","","",""
"RQ3","BIRMINGHAM CHILDREN'S HOSPITAL NHS FOUNDATION TRUST","Y55","Q54","STEELHOUSE LANE","","","BIRMINGHAM","WEST MIDLANDS","B4 6NH","19950401","","","H","","","","","","","","0","","","","",""
"RQ6","ROYAL LIVERPOOL AND BROADGREEN UNIVERSITY HOSPITALS NHS TRUST","Y54","Q48","ROYAL LIVERPOOL UNIVERSITY HOSPITAL","PRESCOT STREET","","LIVERPOOL","MERSEYSIDE","L7 8XP","19950401","","","H","","","","","","","","0","","","","",""
"RQ8","MID ESSEX HOSPITAL SERVICES NHS TRUST","Y55","Q57","BROOMFIELD HOSPITAL","COURT ROAD","","CHELMSFORD","ESSEX","CM1 7ET","19950401","","","H","","","","","","","","0","","","","",""
"RQF","VELINDRE NHS TRUST","W00","Q99","UNIT 2","CHARNWOOD COURT","HEOL BILLINGSLEY","CARDIFF","SOUTH GLAMORGAN","CF15 7QZ","19940401","","","H","","","","","","","","0","","","","",""
"RQM","CHELSEA AND WESTMINSTER HOSPITAL NHS FOUNDATION TRUST","Y56","Q71","CHELSEA & WESTMINSTER HOSPITAL","369 FULHAM ROAD","","LONDON","GREATER LONDON","SW10 9NH","19940401","","","H","","","","","","","","0","","","","",""
"RQQ","HINCHINGBROOKE HEALTH CARE NHS TRUST","Y55","Q56","HINCHINGBROOKE HOSPITAL","","","HUNTINGDON","CAMBRIDGESHIRE","PE29 6NT","19950401","","","H","","","","","","","","0","","","","",""
"RQX","HOMERTON UNIVERSITY HOSPITAL NHS FOUNDATION TRUST","Y56","Q71","HOMERTON ROW","","","LONDON","GREATER LONDON","E9 6SR","19950401","","","H","","","","","","","","0","","","","",""
"RRK","UNIVERSITY HOSPITALS BIRMINGHAM NHS FOUNDATION TRUST","Y55","Q54","TRUST HQ, PO BOX 9551","QUEEN ELIZABETH MEDICAL CENTRE","EDGBASTON","BIRMINGHAM","WEST MIDLANDS","B15 2TH","19950401","","","H","","","","","","","","0","","","","",""
"RXW","SHREWSBURY AND TELFORD HOSPITAL NHS TRUST","Y55","Q60","MYTTON OAK ROAD","","","SHREWSBURY","SHROPSHIRE","SY3 8XQ","20031001","","","H","","","","","","","","0","","","","",""
"RYJ","IMPERIAL COLLEGE HEALTHCARE NHS TRUST","Y56","Q71","ST. MARYS HOSPITAL","PRAED STREET","","LONDON","GREATER LONDON","W2 1NY","20071001","","","H","","","","","","","","0","","","","",""
