"A","NORTH EAST GOVERNMENT OFFICE REGION","","","CITYGATE","GALLOWGATE","","NEWCASTLE UPON TYNE","TYNE AND WEAR","NE1 4HW","19940401","","","","","","","","","","","0","","","","",""
"B","NORTH WEST GOVERNMENT OFFICE REGION","","","CITY TOWER","","","MANCHESTER","GREATER MANCHESTER","M1 4BE","19980801","","","","","","","","","","","0","","","","",""
"D","YORKSHIRE & THE HUMBER GOVERNMENT OFFICE REGION","","","PO BOX 213","CITY HOUSE","NEW STATION STREET","LEEDS","WEST YORKSHIRE","LS1 4JB","19940401","","","","","","","","","","","1","","","","",""
"E","EAST MIDLANDS GOVERNMENT OFFICE REGION","","","THE BELGRAVE CENTRE","STANLEY PLACE","TALBOT STREET","NOTTINGHAM","NOTTINGHAMSHIRE","NG1 5GG","19940401","","","","","","","","","","","0","","","","",""
"F","WEST MIDLANDS GOVERNMENT OFFICE REGION","","","77 PARADISE CIRCUS","QUEENSWAY","","BIRMINGHAM","WEST MIDLANDS","B1 2DT","19940401","","","","","","","","","","","0","","","","",""
"G","EAST OF ENGLAND GOVERNMENT OFFICE REGION","","","BUILDING 1","WESTBROOK","MILTON ROAD","CAMBRIDGE","CAMBRIDGESHIRE","CB4 1YG","19940401","","","","","","","","","","","0","","","","",""
"H","LONDON GOVERNMENT OFFICE REGION","","","RIVERWALK HOUSE","157 - 161 MILLBANK","","LONDON","GREATER LONDON","SW1P 4RR","19940401","","","","","","","","","","","0","","","","",""
"J","SOUTH EAST GOVERNMENT OFFICE REGION","","","BRIDGE HOUSE","1 WALNUT TREE CLOSE","","GUILDFORD","SURREY","GU1 4GA","19940401","","","","","","","","","","","0","","","","",""
"K","SOUTH WEST GOVERNMENT OFFICE REGION","","","4TH & 5TH FLOORS","THE PITHAY","","BRISTOL","AVON","BS1 2ND","19940401","","","","","","","","","","","0","","","","",""
"Q44","CHESHIRE, WARRINGTON AND WIRRAL AREA TEAM","Y54","","NHS QUAYSIDE (NHS NORTH WEST)","WILDERSPOOL PARK","GREENALLS AVENUE","WARRINGTON","CHESHIRE","WA4 6HL","20121001","","","C","","","","","","","","0","","","","",""
"Q45","DURHAM, DARLINGTON AND TEES AREA TEAM","Y54","","C/O NHS COMMISSIONING BOARD","1W09, 1ST FLOOR, QUARRY HOUSE","QUARRY HILL","LEEDS","WEST YORKSHIRE","LS2 7UE","20121001","","","S","","","","","","","","0","","","","",""
"Q46","GREATER MANCHESTER AREA TEAM","Y54","","4TH FLOOR","3 PICCADILLY PLACE","LONDON ROAD","MANCHESTER","GREATER MANCHESTER","M1 3BN","20121001","","","S","","","","","","","","0","","","","",""
"Q47","LANCASHIRE AREA TEAM","Y54","","C/O NHS COMMISSIONING BOARD","1W09, 1ST FLOOR, QUARRY HOUSE","QUARRY HILL","LEEDS","WEST YORKSHIRE","LS2 7UE","20121001","","","S","","","","","","","","0","","","","",""
"Q48","MERSEYSIDE AREA TEAM","Y54","","REGATTA PLACE","SUMMERS ROAD","BRUNSWICK BUSINESS PARK","LIVERPOOL","MERSEYSIDE","L3 4BL","20121001","","","S","","","","","","","","0","","","","",""
"Q49","CUMBRIA, NORTHUMBERLAND, TYNE AND WEAR AREA TEAM","Y54","","WATERFRONT","4 GOLDCREST WAY","NEWBURN","NEWCASTLE UPON TYNE","TYNE AND WEAR","NE15 8NY","20121001","","","C","","","","","","","","0","","","","",""
"Q50","NORTH YORKSHIRE AND HUMBER AREA TEAM","Y54","","UNIT 3, ALPHA COURT","MONKS CROSS","HUNTINGTON","YORK","NORTH YORKSHIRE","YO32 9WN","20121001","","","S","","","","","","","","0","","","","",""
"Q51","SOUTH YORKSHIRE AND BASSETLAW AREA TEAM","Y54","","OAK HOUSE","MOORHEAD WAY","BRAMLEY","ROTHERHAM","SOUTH YORKSHIRE","S66 1YY","20121001","","","C","","","","","","","","0","","","","",""
"Q52","WEST YORKSHIRE AREA TEAM","Y54","","BROAD LEA HOUSE","DYSON WOOD WAY","BRADLEY BUSINESS PARK, BRADLEY","HUDDERSFIELD","WEST YORKSHIRE","HD2 1GZ","20121001","","","S","","","","","","","","0","","","","",""
"Q53","ARDEN, HEREFORDSHIRE AND WORCESTERSHIRE AREA TEAM","Y55","","WILDWOOD","WILDWOOD DRIVE","","WORCESTER","WORCESTERSHIRE","WR5 2LG","20121001","","","S","","","","","","","","0","","","","",""
"Q54","BIRMINGHAM AND THE BLACK COUNTRY AREA TEAM","Y55","","ST. CHADS COURT","213 HAGLEY ROAD","EDGBASTON","BIRMINGHAM","WEST MIDLANDS","B16 9RG","20121001","","","C","","","","","","","","0","","","","",""
"Q55","DERBYSHIRE AND NOTTINGHAMSHIRE AREA TEAM","Y55","","BIRCH HOUSE","RANSOM WOOD BUSINESS PARK","SOUTHWELL ROAD WEST, RAINWORTH","MANSFIELD","NOTTINGHAMSHIRE","NG21 0HJ","20121001","","","S","","","","","","","","0","","","","",""
"Q56","EAST ANGLIA AREA TEAM","Y55","","CPC 1","CAPITAL PARK BUSINESS PARK","FULBOURN","CAMBRIDGE","CAMBRIDGESHIRE","CB21 5XE","20121001","","","C","","","","","","","","0","","","","",""
"Q57","ESSEX AREA TEAM","Y55","","SWIFT HOUSE","HEDGEROWS BUSINESS PARK","COLCHESTER ROAD, SPRINGFIELD","CHELMSFORD","ESSEX","CM2 5PF","20121001","","","S","","","","","","","","0","","","","",""
"Q58","HERTFORDSHIRE AND THE SOUTH MIDLANDS AREA TEAM","Y55","","CHARTER HOUSE","PARKWAY","","WELWYN GARDEN CITY","HERTFORDSHIRE","AL8 6JL","20121001","","","S","","","","","","","","0","","","","",""
"Q59","LEICESTERSHIRE AND LINCOLNSHIRE AREA TEAM","Y55","","FOSSE HOUSE","6 SMITH WAY","GROVE PARK, ENDERBY","LEICESTER","LEICESTERSHIRE","LE19 1SX","20121001","","","C","","","","","","","","0","","","","",""
"Q60","SHROPSHIRE AND STAFFORDSHIRE AREA TEAM","Y55","","STAFFORDSHIRE UNIVERSITY","BLACKHEATH LANE","TIXALL","STAFFORD","STAFFORDSHIRE","ST18 0YB","20121001","","","S","","","","","","","","0","","","","",""
"Q64","BATH, GLOUCESTERSHIRE, SWINDON AND WILTSHIRE AREA TEAM","Y57","","SANGER HOUSE, 5220 VALIANT COURT","GLOUCESTER BUSINESS PARK","BROCKWORTH","GLOUCESTER","GLOUCESTERSHIRE","GL3 4FE","20121001","","","S","","","","","","","","0","","","","",""
"Q65","BRISTOL, NORTH SOMERSET, SOMERSET AND SOUTH GLOUCESTERSHIRE AREA TEAM","Y57","","SOUTH PLAZA","MARLBOROUGH STREET","","BRISTOL","AVON","BS1 3NX","20121001","","","C","","","","","","","","0","","","","",""
"Q66","DEVON, CORNWALL AND ISLES OF SCILLY AREA TEAM","Y57","","PENINSULA HOUSE","RIVER COURT, KINGSMILL ROAD","TAMAR VIEW INDUSTRIAL ESTATE","SALTASH","CORNWALL","PL12 6LE","20121001","","","S","","","","","","","","0","","","","",""
"Q67","KENT AND MEDWAY AREA TEAM","Y57","","BROOK HOUSE","JOHN WILSON BUSINESS PARK","REEVES WAY, CHESTFIELD","WHITSTABLE","KENT","CT5 3DD","20121001","","","S","","","","","","","","0","","","","",""
"Q68","SURREY AND SUSSEX AREA TEAM","Y57","","LEVEL 4","LANCHESTER HOUSE","TRAFALGAR PLACE","BRIGHTON","EAST SUSSEX","BN1 4FU","20121001","","","C","","","","","","","","0","","","","",""
"Q69","THAMES VALLEY AREA TEAM","Y57","","JUBILEE HOUSE","5510 JOHN SMITH DRIVE","OXFORD BUSINESS PARK SOUTH, COWLEY","OXFORD","OXFORDSHIRE","OX4 2LH","20121001","","","S","","","","","","","","0","","","","",""
"Q70","WESSEX AREA TEAM","Y57","","SHIP PCT CLUSTER","OAKLEY ROAD","","SOUTHAMPTON","HAMPSHIRE","SO16 4GX","20121001","","","C","","","","","","","","0","","","","",""
"Q71","LONDON AREA TEAM","Y56","","C/O NHS ENGLAND","QUARRY HOUSE","QUARRY HILL","LEEDS","WEST YORKSHIRE","LS2 7UE","20130320","","","C","","","","","","","","0","","","","",""
"W","WALES GOVERNMENT OFFICE REGION","","","2 FITZALLEN ROAD","","","CARDIFF","SOUTH GLAMORGAN","CF24 0HA","19940401","","","","","","","","","","","0","","","","",""
"W00","NHS WALES INFORMATICS SERVICE","","","BRUNEL HOUSE","2 FITZALAN ROAD","","CARDIFF","SOUTH GLAMORGAN","CF24 0HA","19960401","","","","","","","","","","","0","","","","",""
"W01","WELSH GOVERNMENT","W00","","CROWN BUILDING","CATHAYS PARK","","CARDIFF","SOUTH GLAMORGAN","CF10 3NQ","20030401","","","","","","","","","","","0","","","","",""
"Y54","NORTH OF ENGLAND COMMISSIONING REGION","","","C/O NHS COMMISSIONING BOARD","1W09, 1ST FLOOR, QUARRY HOUSE","QUARRY HILL","LEEDS","WEST YORKSHIRE","LS2 7UE","20121001","","","","","","","","","","","0","","","","",""
"Y55","MIDLANDS AND EAST OF ENGLAND COMMISSIONING REGION","","","2-4 VICTORIA HOUSE","CAPITAL PARK","FULBOURN","CAMBRIDGE","CAMBRIDGESHIRE","CB21 5XB","20121001","","","","","","","","","","","0","","","","",""
"Y56","LONDON COMMISSIONING REGION","","","C/O NHS COMMISSIONING BOARD","1W09, 1ST FLOOR, QUARRY HOUSE","QUARRY HILL","LEEDS","WEST YORKSHIRE","LS2 7UE","20121001","","","","","","","","","","","0","","","","",""
"Y57","SOUTH OF ENGLAND COMMISSIONING REGION","","","C/O NHS COMMISSIONING BOARD","1W09, 1ST FLOOR, QUARRY HOUSE","QUARRY HILL","LEEDS","WEST YORKSHIRE","LS2 7UE","20121001","","","","","","","","","","","0","","","","",""
